installment_id,loan_id,customer_id,installment_no,due_date,amount_due,payment_status,payment_date,remaining_balance
INS-00001,LOAN-0008,CUST-0008,1,11-10-2022,"3479,02",Paid,11-10-2022,"166992,96"
INS-00002,LOAN-0008,CUST-0008,2,11-11-2022,"3479,02",Paid,11-11-2022,"163513,94"
INS-00003,LOAN-0008,CUST-0008,3,11-12-2022,"3479,02",Paid,11-12-2022,"160034,92"
INS-00004,LOAN-0008,CUST-0008,4,11-01-2023,"3479,02",Paid,11-01-2023,"156555,9"
INS-00005,LOAN-0008,CUST-0008,5,11-02-2023,"3479,02",Paid,13-02-2023,"153076,88"
INS-00006,LOAN-0008,CUST-0008,6,11-03-2023,"3479,02",Late,18-03-2023,"149597,86"
INS-00007,LOAN-0008,CUST-0008,7,11-04-2023,"3479,02",Paid,12-04-2023,"146118,84"
INS-00008,LOAN-0008,CUST-0008,8,11-05-2023,"3479,02",Late,27-05-2023,"142639,82"
INS-00009,LOAN-0008,CUST-0008,9,11-06-2023,"3479,02",Paid,12-06-2023,"139160,8"
INS-00010,LOAN-0008,CUST-0008,10,11-07-2023,"3479,02",Paid,14-07-2023,"135681,78"
INS-00011,LOAN-0008,CUST-0008,11,11-08-2023,"3479,02",Paid,13-08-2023,"132202,76"
INS-00012,LOAN-0008,CUST-0008,12,11-09-2023,"3479,02",Paid,15-09-2023,"128723,74"
INS-00013,LOAN-0008,CUST-0008,13,11-10-2023,"3479,02",Paid,15-10-2023,"125244,72"
INS-00014,LOAN-0008,CUST-0008,14,11-11-2023,"3479,02",Paid,11-11-2023,"121765,7"
INS-00015,LOAN-0008,CUST-0008,15,11-12-2023,"3479,02",Paid,13-12-2023,"118286,68"
INS-00016,LOAN-0008,CUST-0008,16,11-01-2024,"3479,02",Paid,11-01-2024,"114807,66"
INS-00017,LOAN-0008,CUST-0008,17,11-02-2024,"3479,02",Paid,14-02-2024,"111328,64"
INS-00018,LOAN-0008,CUST-0008,18,11-03-2024,"3479,02",Paid,11-03-2024,"107849,62"
INS-00019,LOAN-0008,CUST-0008,19,11-04-2024,"3479,02",Late,27-04-2024,"104370,6"
INS-00020,LOAN-0008,CUST-0008,20,11-05-2024,"3479,02",Paid,11-05-2024,"100891,58"
INS-00021,LOAN-0008,CUST-0008,21,11-06-2024,"3479,02",Paid,11-06-2024,"97412,56"
INS-00022,LOAN-0008,CUST-0008,22,11-07-2024,"3479,02",Paid,12-07-2024,"93933,54"
INS-00023,LOAN-0008,CUST-0008,23,11-08-2024,"3479,02",Paid,15-08-2024,"90454,52"
INS-00024,LOAN-0008,CUST-0008,24,11-09-2024,"3479,02",Paid,15-09-2024,"86975,5"
INS-00025,LOAN-0008,CUST-0008,25,11-10-2024,"3479,02",Paid,14-10-2024,"83496,48"
INS-00026,LOAN-0008,CUST-0008,26,11-11-2024,"3479,02",Paid,15-11-2024,"80017,46"
INS-00027,LOAN-0008,CUST-0008,27,11-12-2024,"3479,02",Paid,15-12-2024,"76538,44"
INS-00028,LOAN-0008,CUST-0008,28,11-01-2025,"3479,02",Paid,13-01-2025,"73059,42"
INS-00029,LOAN-0008,CUST-0008,29,11-02-2025,"3479,02",Paid,15-02-2025,"69580,4"
INS-00030,LOAN-0008,CUST-0008,30,11-03-2025,"3479,02",Paid,11-03-2025,"66101,38"
INS-00031,LOAN-0008,CUST-0008,31,11-04-2025,"3479,02",Paid,13-04-2025,"62622,36"
INS-00032,LOAN-0008,CUST-0008,32,11-05-2025,"3479,02",Paid,14-05-2025,"59143,34"
INS-00033,LOAN-0008,CUST-0008,33,11-06-2025,"3479,02",Paid,14-06-2025,"55664,32"
INS-00034,LOAN-0008,CUST-0008,34,11-07-2025,"3479,02",Paid,14-07-2025,"52185,3"
INS-00035,LOAN-0008,CUST-0008,35,11-08-2025,"3479,02",Paid,14-08-2025,"48706,28"
INS-00036,LOAN-0008,CUST-0008,36,11-09-2025,"3479,02",Paid,12-09-2025,"45227,26"
INS-00037,LOAN-0008,CUST-0008,37,11-10-2025,"3479,02",Paid,13-10-2025,"41748,24"
INS-00038,LOAN-0008,CUST-0008,38,11-11-2025,"3479,02",Paid,11-11-2025,"38269,22"
INS-00039,LOAN-0008,CUST-0008,39,11-12-2025,"3479,02",Paid,11-12-2025,"34790,2"
INS-00040,LOAN-0008,CUST-0008,40,11-01-2026,"3479,02",Paid,11-01-2026,"31311,18"
INS-00041,LOAN-0008,CUST-0008,41,11-02-2026,"3479,02",Late,25-02-2026,"27832,16"
INS-00042,LOAN-0008,CUST-0008,42,11-03-2026,"3479,02",Paid,12-03-2026,"24353,14"
INS-00043,LOAN-0008,CUST-0008,43,11-04-2026,"3479,02",Paid,13-04-2026,"20874,12"
INS-00044,LOAN-0008,CUST-0008,44,11-05-2026,"3479,02",Paid,15-05-2026,"17395,1"
INS-00045,LOAN-0008,CUST-0008,45,11-06-2026,"3479,02",Paid,11-06-2026,"13916,08"
INS-00046,LOAN-0008,CUST-0008,46,11-07-2026,"3479,02",Paid,14-07-2026,"10437,06"
INS-00047,LOAN-0008,CUST-0008,47,11-08-2026,"3479,02",Unpaid,,"6958,04"
INS-00048,LOAN-0008,CUST-0008,48,11-09-2026,"3479,02",Unpaid,,"3479,02"
INS-00049,LOAN-0008,CUST-0008,49,11-10-2026,"3479,02",Unpaid,,0
INS-00050,LOAN-0009,CUST-0009,1,16-05-2022,"558,57",Paid,18-05-2022,"21784,23"
INS-00051,LOAN-0009,CUST-0009,2,16-06-2022,"558,57",Paid,18-06-2022,"21225,66"
INS-00052,LOAN-0009,CUST-0009,3,16-07-2022,"558,57",Paid,20-07-2022,"20667,09"
INS-00053,LOAN-0009,CUST-0009,4,16-08-2022,"558,57",Paid,18-08-2022,"20108,52"
INS-00054,LOAN-0009,CUST-0009,5,16-09-2022,"558,57",Paid,18-09-2022,"19549,95"
INS-00055,LOAN-0009,CUST-0009,6,16-10-2022,"558,57",Paid,20-10-2022,"18991,38"
INS-00056,LOAN-0009,CUST-0009,7,16-11-2022,"558,57",Paid,18-11-2022,"18432,81"
INS-00057,LOAN-0009,CUST-0009,8,16-12-2022,"558,57",Paid,20-12-2022,"17874,24"
INS-00058,LOAN-0009,CUST-0009,9,16-01-2023,"558,57",Paid,16-01-2023,"17315,67"
INS-00059,LOAN-0009,CUST-0009,10,16-02-2023,"558,57",Paid,19-02-2023,"16757,1"
INS-00060,LOAN-0009,CUST-0009,11,16-03-2023,"558,57",Paid,20-03-2023,"16198,53"
INS-00061,LOAN-0009,CUST-0009,12,16-04-2023,"558,57",Paid,19-04-2023,"15639,96"
INS-00062,LOAN-0009,CUST-0009,13,16-05-2023,"558,57",Paid,18-05-2023,"15081,39"
INS-00063,LOAN-0009,CUST-0009,14,16-06-2023,"558,57",Paid,16-06-2023,"14522,82"
INS-00064,LOAN-0009,CUST-0009,15,16-07-2023,"558,57",Paid,18-07-2023,"13964,25"
INS-00065,LOAN-0009,CUST-0009,16,16-08-2023,"558,57",Paid,20-08-2023,"13405,68"
INS-00066,LOAN-0009,CUST-0009,17,16-09-2023,"558,57",Paid,17-09-2023,"12847,11"
INS-00067,LOAN-0009,CUST-0009,18,16-10-2023,"558,57",Paid,16-10-2023,"12288,54"
INS-00068,LOAN-0009,CUST-0009,19,16-11-2023,"558,57",Late,26-11-2023,"11729,97"
INS-00069,LOAN-0009,CUST-0009,20,16-12-2023,"558,57",Paid,16-12-2023,"11171,4"
INS-00070,LOAN-0009,CUST-0009,21,16-01-2024,"558,57",Late,27-01-2024,"10612,83"
INS-00071,LOAN-0009,CUST-0009,22,16-02-2024,"558,57",Paid,17-02-2024,"10054,26"
INS-00072,LOAN-0009,CUST-0009,23,16-03-2024,"558,57",Paid,17-03-2024,"9495,69"
INS-00073,LOAN-0009,CUST-0009,24,16-04-2024,"558,57",Paid,19-04-2024,"8937,12"
INS-00074,LOAN-0009,CUST-0009,25,16-05-2024,"558,57",Paid,20-05-2024,"8378,55"
INS-00075,LOAN-0009,CUST-0009,26,16-06-2024,"558,57",Paid,18-06-2024,"7819,98"
INS-00076,LOAN-0009,CUST-0009,27,16-07-2024,"558,57",Paid,16-07-2024,"7261,41"
INS-00077,LOAN-0009,CUST-0009,28,16-08-2024,"558,57",Paid,17-08-2024,"6702,84"
INS-00078,LOAN-0009,CUST-0009,29,16-09-2024,"558,57",Late,03-10-2024,"6144,27"
INS-00079,LOAN-0009,CUST-0009,30,16-10-2024,"558,57",Paid,16-10-2024,"5585,7"
INS-00080,LOAN-0009,CUST-0009,31,16-11-2024,"558,57",Paid,18-11-2024,"5027,13"
INS-00081,LOAN-0009,CUST-0009,32,16-12-2024,"558,57",Late,23-12-2024,"4468,56"
INS-00082,LOAN-0009,CUST-0009,33,16-01-2025,"558,57",Paid,17-01-2025,"3909,99"
INS-00083,LOAN-0009,CUST-0009,34,16-02-2025,"558,57",Late,22-02-2025,"3351,42"
INS-00084,LOAN-0009,CUST-0009,35,16-03-2025,"558,57",Paid,19-03-2025,"2792,85"
INS-00085,LOAN-0009,CUST-0009,36,16-04-2025,"558,57",Paid,16-04-2025,"2234,28"
INS-00086,LOAN-0009,CUST-0009,37,16-05-2025,"558,57",Paid,16-05-2025,"1675,71"
INS-00087,LOAN-0009,CUST-0009,38,16-06-2025,"558,57",Late,30-06-2025,"1117,14"
INS-00088,LOAN-0009,CUST-0009,39,16-07-2025,"558,57",Late,24-07-2025,"558,57"
INS-00089,LOAN-0009,CUST-0009,40,16-08-2025,"558,57",Paid,18-08-2025,0
INS-00090,LOAN-0010,CUST-0010,1,10-01-2023,"8834,44",Late,24-01-2023,"379880,92"
INS-00091,LOAN-0010,CUST-0010,2,10-02-2023,"8834,44",Late,26-02-2023,"371046,48"
INS-00092,LOAN-0010,CUST-0010,3,10-03-2023,"8834,44",Paid,13-03-2023,"362212,04"
INS-00093,LOAN-0010,CUST-0010,4,10-04-2023,"8834,44",Paid,10-04-2023,"353377,6"
INS-00094,LOAN-0010,CUST-0010,5,10-05-2023,"8834,44",Paid,12-05-2023,"344543,16"
INS-00095,LOAN-0010,CUST-0010,6,10-06-2023,"8834,44",Paid,13-06-2023,"335708,72"
INS-00096,LOAN-0010,CUST-0010,7,10-07-2023,"8834,44",Paid,13-07-2023,"326874,28"
INS-00097,LOAN-0010,CUST-0010,8,10-08-2023,"8834,44",Paid,14-08-2023,"318039,84"
INS-00098,LOAN-0010,CUST-0010,9,10-09-2023,"8834,44",Paid,10-09-2023,"309205,4"
INS-00099,LOAN-0010,CUST-0010,10,10-10-2023,"8834,44",Paid,11-10-2023,"300370,96"
INS-00100,LOAN-0010,CUST-0010,11,10-11-2023,"8834,44",Paid,14-11-2023,"291536,52"
INS-00101,LOAN-0010,CUST-0010,12,10-12-2023,"8834,44",Paid,11-12-2023,"282702,08"
INS-00102,LOAN-0010,CUST-0010,13,10-01-2024,"8834,44",Paid,12-01-2024,"273867,64"
INS-00103,LOAN-0010,CUST-0010,14,10-02-2024,"8834,44",Late,18-02-2024,"265033,2"
INS-00104,LOAN-0010,CUST-0010,15,10-03-2024,"8834,44",Paid,10-03-2024,"256198,76"
INS-00105,LOAN-0010,CUST-0010,16,10-04-2024,"8834,44",Late,24-04-2024,"247364,32"
INS-00106,LOAN-0010,CUST-0010,17,10-05-2024,"8834,44",Paid,10-05-2024,"238529,88"
INS-00107,LOAN-0010,CUST-0010,18,10-06-2024,"8834,44",Paid,13-06-2024,"229695,44"
INS-00108,LOAN-0010,CUST-0010,19,10-07-2024,"8834,44",Paid,13-07-2024,220861
INS-00109,LOAN-0010,CUST-0010,20,10-08-2024,"8834,44",Late,15-08-2024,"212026,56"
INS-00110,LOAN-0010,CUST-0010,21,10-09-2024,"8834,44",Paid,11-09-2024,"203192,12"
INS-00111,LOAN-0010,CUST-0010,22,10-10-2024,"8834,44",Late,15-10-2024,"194357,68"
INS-00112,LOAN-0010,CUST-0010,23,10-11-2024,"8834,44",Paid,10-11-2024,"185523,24"
INS-00113,LOAN-0010,CUST-0010,24,10-12-2024,"8834,44",Paid,10-12-2024,"176688,8"
INS-00114,LOAN-0010,CUST-0010,25,10-01-2025,"8834,44",Paid,10-01-2025,"167854,36"
INS-00115,LOAN-0010,CUST-0010,26,10-02-2025,"8834,44",Paid,13-02-2025,"159019,92"
INS-00116,LOAN-0010,CUST-0010,27,10-03-2025,"8834,44",Paid,13-03-2025,"150185,48"
INS-00117,LOAN-0010,CUST-0010,28,10-04-2025,"8834,44",Paid,14-04-2025,"141351,04"
INS-00118,LOAN-0010,CUST-0010,29,10-05-2025,"8834,44",Paid,13-05-2025,"132516,6"
INS-00119,LOAN-0010,CUST-0010,30,10-06-2025,"8834,44",Late,20-06-2025,"123682,16"
INS-00120,LOAN-0010,CUST-0010,31,10-07-2025,"8834,44",Late,16-07-2025,"114847,72"
INS-00121,LOAN-0010,CUST-0010,32,10-08-2025,"8834,44",Paid,12-08-2025,"106013,28"
INS-00122,LOAN-0010,CUST-0010,33,10-09-2025,"8834,44",Paid,13-09-2025,"97178,84"
INS-00123,LOAN-0010,CUST-0010,34,10-10-2025,"8834,44",Paid,11-10-2025,"88344,4"
INS-00124,LOAN-0010,CUST-0010,35,10-11-2025,"8834,44",Paid,12-11-2025,"79509,96"
INS-00125,LOAN-0010,CUST-0010,36,10-12-2025,"8834,44",Paid,14-12-2025,"70675,52"
INS-00126,LOAN-0010,CUST-0010,37,10-01-2026,"8834,44",Late,29-01-2026,"61841,08"
INS-00127,LOAN-0010,CUST-0010,38,10-02-2026,"8834,44",Paid,14-02-2026,"53006,64"
INS-00128,LOAN-0010,CUST-0010,39,10-03-2026,"8834,44",Paid,14-03-2026,"44172,2"
INS-00129,LOAN-0010,CUST-0010,40,10-04-2026,"8834,44",Paid,14-04-2026,"35337,76"
INS-00130,LOAN-0010,CUST-0010,41,10-05-2026,"8834,44",Paid,13-05-2026,"26503,32"
INS-00131,LOAN-0010,CUST-0010,42,10-06-2026,"8834,44",Paid,12-06-2026,"17668,88"
INS-00132,LOAN-0010,CUST-0010,43,10-07-2026,"8834,44",Late,16-07-2026,"8834,44"
INS-00133,LOAN-0010,CUST-0010,44,10-08-2026,"8834,44",Unpaid,,0
INS-00134,LOAN-0013,CUST-0013,1,26-11-2022,"23370,39",Paid,30-11-2022,"93481,56"
INS-00135,LOAN-0013,CUST-0013,2,26-12-2022,"23370,39",Late,08-01-2023,"70111,17"
INS-00136,LOAN-0013,CUST-0013,3,26-01-2023,"23370,39",Paid,27-01-2023,"46740,78"
INS-00137,LOAN-0013,CUST-0013,4,26-02-2023,"23370,39",Paid,01-03-2023,"23370,39"
INS-00138,LOAN-0013,CUST-0013,5,26-03-2023,"23370,39",Paid,27-03-2023,0
INS-00139,LOAN-0020,CUST-0020,1,06-10-2022,"4465,17",Paid,10-10-2022,"93768,57"
INS-00140,LOAN-0020,CUST-0020,2,06-11-2022,"4465,17",Paid,06-11-2022,"89303,4"
INS-00141,LOAN-0020,CUST-0020,3,06-12-2022,"4465,17",Paid,07-12-2022,"84838,23"
INS-00142,LOAN-0020,CUST-0020,4,06-01-2023,"4465,17",Paid,07-01-2023,"80373,06"
INS-00143,LOAN-0020,CUST-0020,5,06-02-2023,"4465,17",Paid,10-02-2023,"75907,89"
INS-00144,LOAN-0020,CUST-0020,6,06-03-2023,"4465,17",Paid,09-03-2023,"71442,72"
INS-00145,LOAN-0020,CUST-0020,7,06-04-2023,"4465,17",Paid,10-04-2023,"66977,55"
INS-00146,LOAN-0020,CUST-0020,8,06-05-2023,"4465,17",Paid,08-05-2023,"62512,38"
INS-00147,LOAN-0020,CUST-0020,9,06-06-2023,"4465,17",Late,23-06-2023,"58047,21"
INS-00148,LOAN-0020,CUST-0020,10,06-07-2023,"4465,17",Paid,08-07-2023,"53582,04"
INS-00149,LOAN-0020,CUST-0020,11,06-08-2023,"4465,17",Paid,10-08-2023,"49116,87"
INS-00150,LOAN-0020,CUST-0020,12,06-09-2023,"4465,17",Paid,08-09-2023,"44651,7"
INS-00151,LOAN-0020,CUST-0020,13,06-10-2023,"4465,17",Paid,06-10-2023,"40186,53"
INS-00152,LOAN-0020,CUST-0020,14,06-11-2023,"4465,17",Paid,07-11-2023,"35721,36"
INS-00153,LOAN-0020,CUST-0020,15,06-12-2023,"4465,17",Paid,10-12-2023,"31256,19"
INS-00154,LOAN-0020,CUST-0020,16,06-01-2024,"4465,17",Paid,09-01-2024,"26791,02"
INS-00155,LOAN-0020,CUST-0020,17,06-02-2024,"4465,17",Paid,10-02-2024,"22325,85"
INS-00156,LOAN-0020,CUST-0020,18,06-03-2024,"4465,17",Late,25-03-2024,"17860,68"
INS-00157,LOAN-0020,CUST-0020,19,06-04-2024,"4465,17",Late,15-04-2024,"13395,51"
INS-00158,LOAN-0020,CUST-0020,20,06-05-2024,"4465,17",Paid,07-05-2024,"8930,34"
INS-00159,LOAN-0020,CUST-0020,21,06-06-2024,"4465,17",Paid,09-06-2024,"4465,17"
INS-00160,LOAN-0020,CUST-0020,22,06-07-2024,"4465,17",Paid,10-07-2024,0
INS-00161,LOAN-0023,CUST-0023,1,08-06-2022,"9585,33",Paid,09-06-2022,"134194,62"
INS-00162,LOAN-0023,CUST-0023,2,08-07-2022,"9585,33",Paid,11-07-2022,"124609,29"
INS-00163,LOAN-0023,CUST-0023,3,08-08-2022,"9585,33",Paid,09-08-2022,"115023,96"
INS-00164,LOAN-0023,CUST-0023,4,08-09-2022,"9585,33",Paid,12-09-2022,"105438,63"
INS-00165,LOAN-0023,CUST-0023,5,08-10-2022,"9585,33",Paid,12-10-2022,"95853,3"
INS-00166,LOAN-0023,CUST-0023,6,08-11-2022,"9585,33",Paid,12-11-2022,"86267,97"
INS-00167,LOAN-0023,CUST-0023,7,08-12-2022,"9585,33",Paid,12-12-2022,"76682,64"
INS-00168,LOAN-0023,CUST-0023,8,08-01-2023,"9585,33",Paid,12-01-2023,"67097,31"
INS-00169,LOAN-0023,CUST-0023,9,08-02-2023,"9585,33",Paid,11-02-2023,"57511,98"
INS-00170,LOAN-0023,CUST-0023,10,08-03-2023,"9585,33",Paid,08-03-2023,"47926,65"
INS-00171,LOAN-0023,CUST-0023,11,08-04-2023,"9585,33",Paid,11-04-2023,"38341,32"
INS-00172,LOAN-0023,CUST-0023,12,08-05-2023,"9585,33",Paid,10-05-2023,"28755,99"
INS-00173,LOAN-0023,CUST-0023,13,08-06-2023,"9585,33",Paid,09-06-2023,"19170,66"
INS-00174,LOAN-0023,CUST-0023,14,08-07-2023,"9585,33",Late,14-07-2023,"9585,33"
INS-00175,LOAN-0023,CUST-0023,15,08-08-2023,"9585,33",Paid,09-08-2023,0
INS-00176,LOAN-0025,CUST-0025,1,28-07-2022,"18142,8",Paid,28-07-2022,"72571,2"
INS-00177,LOAN-0025,CUST-0025,2,28-08-2022,"18142,8",Paid,28-08-2022,"54428,4"
INS-00178,LOAN-0025,CUST-0025,3,28-09-2022,"18142,8",Paid,02-10-2022,"36285,6"
INS-00179,LOAN-0025,CUST-0025,4,28-10-2022,"18142,8",Paid,28-10-2022,"18142,8"
INS-00180,LOAN-0025,CUST-0025,5,28-11-2022,"18142,8",Paid,28-11-2022,0
INS-00181,LOAN-0026,CUST-0026,1,21-04-2022,"12058,99",Paid,23-04-2022,"313533,74"
INS-00182,LOAN-0026,CUST-0026,2,21-05-2022,"12058,99",Late,26-05-2022,"301474,75"
INS-00183,LOAN-0026,CUST-0026,3,21-06-2022,"12058,99",Paid,23-06-2022,"289415,76"
INS-00184,LOAN-0026,CUST-0026,4,21-07-2022,"12058,99",Paid,22-07-2022,"277356,77"
INS-00185,LOAN-0026,CUST-0026,5,21-08-2022,"12058,99",Paid,25-08-2022,"265297,78"
INS-00186,LOAN-0026,CUST-0026,6,21-09-2022,"12058,99",Paid,24-09-2022,"253238,79"
INS-00187,LOAN-0026,CUST-0026,7,21-10-2022,"12058,99",Paid,24-10-2022,"241179,8"
INS-00188,LOAN-0026,CUST-0026,8,21-11-2022,"12058,99",Paid,21-11-2022,"229120,81"
INS-00189,LOAN-0026,CUST-0026,9,21-12-2022,"12058,99",Paid,24-12-2022,"217061,82"
INS-00190,LOAN-0026,CUST-0026,10,21-01-2023,"12058,99",Paid,21-01-2023,"205002,83"
INS-00191,LOAN-0026,CUST-0026,11,21-02-2023,"12058,99",Paid,25-02-2023,"192943,84"
INS-00192,LOAN-0026,CUST-0026,12,21-03-2023,"12058,99",Paid,22-03-2023,"180884,85"
INS-00193,LOAN-0026,CUST-0026,13,21-04-2023,"12058,99",Paid,23-04-2023,"168825,86"
INS-00194,LOAN-0026,CUST-0026,14,21-05-2023,"12058,99",Late,28-05-2023,"156766,87"
INS-00195,LOAN-0026,CUST-0026,15,21-06-2023,"12058,99",Late,01-07-2023,"144707,88"
INS-00196,LOAN-0026,CUST-0026,16,21-07-2023,"12058,99",Paid,25-07-2023,"132648,89"
INS-00197,LOAN-0026,CUST-0026,17,21-08-2023,"12058,99",Paid,23-08-2023,"120589,9"
INS-00198,LOAN-0026,CUST-0026,18,21-09-2023,"12058,99",Paid,21-09-2023,"108530,91"
INS-00199,LOAN-0026,CUST-0026,19,21-10-2023,"12058,99",Paid,23-10-2023,"96471,92"
INS-00200,LOAN-0026,CUST-0026,20,21-11-2023,"12058,99",Paid,22-11-2023,"84412,93"
INS-00201,LOAN-0026,CUST-0026,21,21-12-2023,"12058,99",Paid,23-12-2023,"72353,94"
INS-00202,LOAN-0026,CUST-0026,22,21-01-2024,"12058,99",Paid,25-01-2024,"60294,95"
INS-00203,LOAN-0026,CUST-0026,23,21-02-2024,"12058,99",Paid,25-02-2024,"48235,96"
INS-00204,LOAN-0026,CUST-0026,24,21-03-2024,"12058,99",Paid,21-03-2024,"36176,97"
INS-00205,LOAN-0026,CUST-0026,25,21-04-2024,"12058,99",Paid,21-04-2024,"24117,98"
INS-00206,LOAN-0026,CUST-0026,26,21-05-2024,"12058,99",Paid,23-05-2024,"12058,99"
INS-00207,LOAN-0026,CUST-0026,27,21-06-2024,"12058,99",Paid,24-06-2024,0
INS-00208,LOAN-0029,CUST-0029,1,30-07-2022,"4293,18",Late,09-08-2022,"253297,62"
INS-00209,LOAN-0029,CUST-0029,2,30-08-2022,"4293,18",Paid,03-09-2022,"249004,44"
INS-00210,LOAN-0029,CUST-0029,3,30-09-2022,"4293,18",Paid,01-10-2022,"244711,26"
INS-00211,LOAN-0029,CUST-0029,4,30-10-2022,"4293,18",Late,07-11-2022,"240418,08"
INS-00212,LOAN-0029,CUST-0029,5,30-11-2022,"4293,18",Paid,01-12-2022,"236124,9"
INS-00213,LOAN-0029,CUST-0029,6,30-12-2022,"4293,18",Paid,03-01-2023,"231831,72"
INS-00214,LOAN-0029,CUST-0029,7,30-01-2023,"4293,18",Paid,01-02-2023,"227538,54"
INS-00215,LOAN-0029,CUST-0029,8,02-03-2023,"4293,18",Paid,04-03-2023,"223245,36"
INS-00216,LOAN-0029,CUST-0029,9,30-03-2023,"4293,18",Paid,03-04-2023,"218952,18"
INS-00217,LOAN-0029,CUST-0029,10,30-04-2023,"4293,18",Paid,30-04-2023,214659
INS-00218,LOAN-0029,CUST-0029,11,30-05-2023,"4293,18",Paid,31-05-2023,"210365,82"
INS-00219,LOAN-0029,CUST-0029,12,30-06-2023,"4293,18",Paid,30-06-2023,"206072,64"
INS-00220,LOAN-0029,CUST-0029,13,30-07-2023,"4293,18",Late,17-08-2023,"201779,46"
INS-00221,LOAN-0029,CUST-0029,14,30-08-2023,"4293,18",Paid,02-09-2023,"197486,28"
INS-00222,LOAN-0029,CUST-0029,15,30-09-2023,"4293,18",Paid,03-10-2023,"193193,1"
INS-00223,LOAN-0029,CUST-0029,16,30-10-2023,"4293,18",Paid,03-11-2023,"188899,92"
INS-00224,LOAN-0029,CUST-0029,17,30-11-2023,"4293,18",Paid,01-12-2023,"184606,74"
INS-00225,LOAN-0029,CUST-0029,18,30-12-2023,"4293,18",Paid,03-01-2024,"180313,56"
INS-00226,LOAN-0029,CUST-0029,19,30-01-2024,"4293,18",Paid,31-01-2024,"176020,38"
INS-00227,LOAN-0029,CUST-0029,20,01-03-2024,"4293,18",Paid,03-03-2024,"171727,2"
INS-00228,LOAN-0029,CUST-0029,21,30-03-2024,"4293,18",Paid,02-04-2024,"167434,02"
INS-00229,LOAN-0029,CUST-0029,22,30-04-2024,"4293,18",Paid,02-05-2024,"163140,84"
INS-00230,LOAN-0029,CUST-0029,23,30-05-2024,"4293,18",Paid,02-06-2024,"158847,66"
INS-00231,LOAN-0029,CUST-0029,24,30-06-2024,"4293,18",Late,09-07-2024,"154554,48"
INS-00232,LOAN-0029,CUST-0029,25,30-07-2024,"4293,18",Paid,02-08-2024,"150261,3"
INS-00233,LOAN-0029,CUST-0029,26,30-08-2024,"4293,18",Paid,30-08-2024,"145968,12"
INS-00234,LOAN-0029,CUST-0029,27,30-09-2024,"4293,18",Paid,04-10-2024,"141674,94"
INS-00235,LOAN-0029,CUST-0029,28,30-10-2024,"4293,18",Paid,02-11-2024,"137381,76"
INS-00236,LOAN-0029,CUST-0029,29,30-11-2024,"4293,18",Paid,02-12-2024,"133088,58"
INS-00237,LOAN-0029,CUST-0029,30,30-12-2024,"4293,18",Paid,30-12-2024,"128795,4"
INS-00238,LOAN-0029,CUST-0029,31,30-01-2025,"4293,18",Paid,02-02-2025,"124502,22"
INS-00239,LOAN-0029,CUST-0029,32,02-03-2025,"4293,18",Paid,04-03-2025,"120209,04"
INS-00240,LOAN-0029,CUST-0029,33,30-03-2025,"4293,18",Late,15-04-2025,"115915,86"
INS-00241,LOAN-0029,CUST-0029,34,30-04-2025,"4293,18",Paid,03-05-2025,"111622,68"
INS-00242,LOAN-0029,CUST-0029,35,30-05-2025,"4293,18",Paid,01-06-2025,"107329,5"
INS-00243,LOAN-0029,CUST-0029,36,30-06-2025,"4293,18",Late,17-07-2025,"103036,32"
INS-00244,LOAN-0029,CUST-0029,37,30-07-2025,"4293,18",Paid,01-08-2025,"98743,14"
INS-00245,LOAN-0029,CUST-0029,38,30-08-2025,"4293,18",Paid,30-08-2025,"94449,96"
INS-00246,LOAN-0029,CUST-0029,39,30-09-2025,"4293,18",Paid,03-10-2025,"90156,78"
INS-00247,LOAN-0029,CUST-0029,40,30-10-2025,"4293,18",Paid,30-10-2025,"85863,6"
INS-00248,LOAN-0029,CUST-0029,41,30-11-2025,"4293,18",Paid,03-12-2025,"81570,42"
INS-00249,LOAN-0029,CUST-0029,42,30-12-2025,"4293,18",Paid,02-01-2026,"77277,24"
INS-00250,LOAN-0029,CUST-0029,43,30-01-2026,"4293,18",Paid,31-01-2026,"72984,06"
INS-00251,LOAN-0029,CUST-0029,44,02-03-2026,"4293,18",Paid,06-03-2026,"68690,88"
INS-00252,LOAN-0029,CUST-0029,45,30-03-2026,"4293,18",Paid,30-03-2026,"64397,7"
INS-00253,LOAN-0029,CUST-0029,46,30-04-2026,"4293,18",Paid,01-05-2026,"60104,52"
INS-00254,LOAN-0029,CUST-0029,47,30-05-2026,"4293,18",Paid,30-05-2026,"55811,34"
INS-00255,LOAN-0029,CUST-0029,48,30-06-2026,"4293,18",Paid,02-07-2026,"51518,16"
INS-00256,LOAN-0029,CUST-0029,49,30-07-2026,"4293,18",Unpaid,,"47224,98"
INS-00257,LOAN-0029,CUST-0029,50,30-08-2026,"4293,18",Unpaid,,"42931,8"
INS-00258,LOAN-0029,CUST-0029,51,30-09-2026,"4293,18",Unpaid,,"38638,62"
INS-00259,LOAN-0029,CUST-0029,52,30-10-2026,"4293,18",Unpaid,,"34345,44"
INS-00260,LOAN-0029,CUST-0029,53,30-11-2026,"4293,18",Unpaid,,"30052,26"
INS-00261,LOAN-0029,CUST-0029,54,30-12-2026,"4293,18",Unpaid,,"25759,08"
INS-00262,LOAN-0029,CUST-0029,55,30-01-2027,"4293,18",Unpaid,,"21465,9"
INS-00263,LOAN-0029,CUST-0029,56,02-03-2027,"4293,18",Unpaid,,"17172,72"
INS-00264,LOAN-0029,CUST-0029,57,30-03-2027,"4293,18",Unpaid,,"12879,54"
INS-00265,LOAN-0029,CUST-0029,58,30-04-2027,"4293,18",Unpaid,,"8586,36"
INS-00266,LOAN-0029,CUST-0029,59,30-05-2027,"4293,18",Unpaid,,"4293,18"
INS-00267,LOAN-0029,CUST-0029,60,30-06-2027,"4293,18",Unpaid,,0
INS-00268,LOAN-0035,CUST-0035,1,17-01-2023,"6513,31",Paid,18-01-2023,"169346,06"
INS-00269,LOAN-0035,CUST-0035,2,17-02-2023,"6513,31",Late,28-02-2023,"162832,75"
INS-00270,LOAN-0035,CUST-0035,3,17-03-2023,"6513,31",Paid,20-03-2023,"156319,44"
INS-00271,LOAN-0035,CUST-0035,4,17-04-2023,"6513,31",Late,30-04-2023,"149806,13"
INS-00272,LOAN-0035,CUST-0035,5,17-05-2023,"6513,31",Paid,18-05-2023,"143292,82"
INS-00273,LOAN-0035,CUST-0035,6,17-06-2023,"6513,31",Paid,19-06-2023,"136779,51"
INS-00274,LOAN-0035,CUST-0035,7,17-07-2023,"6513,31",Paid,21-07-2023,"130266,2"
INS-00275,LOAN-0035,CUST-0035,8,17-08-2023,"6513,31",Paid,21-08-2023,"123752,89"
INS-00276,LOAN-0035,CUST-0035,9,17-09-2023,"6513,31",Paid,20-09-2023,"117239,58"
INS-00277,LOAN-0035,CUST-0035,10,17-10-2023,"6513,31",Paid,18-10-2023,"110726,27"
INS-00278,LOAN-0035,CUST-0035,11,17-11-2023,"6513,31",Paid,18-11-2023,"104212,96"
INS-00279,LOAN-0035,CUST-0035,12,17-12-2023,"6513,31",Paid,19-12-2023,"97699,65"
INS-00280,LOAN-0035,CUST-0035,13,17-01-2024,"6513,31",Paid,18-01-2024,"91186,34"
INS-00281,LOAN-0035,CUST-0035,14,17-02-2024,"6513,31",Paid,17-02-2024,"84673,03"
INS-00282,LOAN-0035,CUST-0035,15,17-03-2024,"6513,31",Late,23-03-2024,"78159,72"
INS-00283,LOAN-0035,CUST-0035,16,17-04-2024,"6513,31",Paid,18-04-2024,"71646,41"
INS-00284,LOAN-0035,CUST-0035,17,17-05-2024,"6513,31",Paid,19-05-2024,"65133,1"
INS-00285,LOAN-0035,CUST-0035,18,17-06-2024,"6513,31",Paid,17-06-2024,"58619,79"
INS-00286,LOAN-0035,CUST-0035,19,17-07-2024,"6513,31",Paid,18-07-2024,"52106,48"
INS-00287,LOAN-0035,CUST-0035,20,17-08-2024,"6513,31",Late,26-08-2024,"45593,17"
INS-00288,LOAN-0035,CUST-0035,21,17-09-2024,"6513,31",Paid,17-09-2024,"39079,86"
INS-00289,LOAN-0035,CUST-0035,22,17-10-2024,"6513,31",Late,23-10-2024,"32566,55"
INS-00290,LOAN-0035,CUST-0035,23,17-11-2024,"6513,31",Paid,20-11-2024,"26053,24"
INS-00291,LOAN-0035,CUST-0035,24,17-12-2024,"6513,31",Paid,17-12-2024,"19539,93"
INS-00292,LOAN-0035,CUST-0035,25,17-01-2025,"6513,31",Paid,18-01-2025,"13026,62"
INS-00293,LOAN-0035,CUST-0035,26,17-02-2025,"6513,31",Paid,18-02-2025,"6513,31"
INS-00294,LOAN-0035,CUST-0035,27,17-03-2025,"6513,31",Late,24-03-2025,0
INS-00295,LOAN-0037,CUST-0037,1,11-03-2022,"3622,78",Paid,11-03-2022,"76078,38"
INS-00296,LOAN-0037,CUST-0037,2,11-04-2022,"3622,78",Late,28-04-2022,"72455,6"
INS-00297,LOAN-0037,CUST-0037,3,11-05-2022,"3622,78",Paid,12-05-2022,"68832,82"
INS-00298,LOAN-0037,CUST-0037,4,11-06-2022,"3622,78",Paid,12-06-2022,"65210,04"
INS-00299,LOAN-0037,CUST-0037,5,11-07-2022,"3622,78",Paid,13-07-2022,"61587,26"
INS-00300,LOAN-0037,CUST-0037,6,11-08-2022,"3622,78",Paid,15-08-2022,"57964,48"
INS-00301,LOAN-0037,CUST-0037,7,11-09-2022,"3622,78",Paid,14-09-2022,"54341,7"
INS-00302,LOAN-0037,CUST-0037,8,11-10-2022,"3622,78",Paid,11-10-2022,"50718,92"
INS-00303,LOAN-0037,CUST-0037,9,11-11-2022,"3622,78",Paid,15-11-2022,"47096,14"
INS-00304,LOAN-0037,CUST-0037,10,11-12-2022,"3622,78",Paid,12-12-2022,"43473,36"
INS-00305,LOAN-0037,CUST-0037,11,11-01-2023,"3622,78",Late,30-01-2023,"39850,58"
INS-00306,LOAN-0037,CUST-0037,12,11-02-2023,"3622,78",Paid,13-02-2023,"36227,8"
INS-00307,LOAN-0037,CUST-0037,13,11-03-2023,"3622,78",Paid,12-03-2023,"32605,02"
INS-00308,LOAN-0037,CUST-0037,14,11-04-2023,"3622,78",Paid,15-04-2023,"28982,24"
INS-00309,LOAN-0037,CUST-0037,15,11-05-2023,"3622,78",Paid,12-05-2023,"25359,46"
INS-00310,LOAN-0037,CUST-0037,16,11-06-2023,"3622,78",Paid,13-06-2023,"21736,68"
INS-00311,LOAN-0037,CUST-0037,17,11-07-2023,"3622,78",Paid,13-07-2023,"18113,9"
INS-00312,LOAN-0037,CUST-0037,18,11-08-2023,"3622,78",Paid,15-08-2023,"14491,12"
INS-00313,LOAN-0037,CUST-0037,19,11-09-2023,"3622,78",Paid,12-09-2023,"10868,34"
INS-00314,LOAN-0037,CUST-0037,20,11-10-2023,"3622,78",Paid,13-10-2023,"7245,56"
INS-00315,LOAN-0037,CUST-0037,21,11-11-2023,"3622,78",Paid,12-11-2023,"3622,78"
INS-00316,LOAN-0037,CUST-0037,22,11-12-2023,"3622,78",Paid,12-12-2023,0
INS-00317,LOAN-0041,CUST-0041,1,18-10-2022,"10070,97",Paid,18-10-2022,"392767,83"
INS-00318,LOAN-0041,CUST-0041,2,18-11-2022,"10070,97",Paid,20-11-2022,"382696,86"
INS-00319,LOAN-0041,CUST-0041,3,18-12-2022,"10070,97",Paid,19-12-2022,"372625,89"
INS-00320,LOAN-0041,CUST-0041,4,18-01-2023,"10070,97",Paid,20-01-2023,"362554,92"
INS-00321,LOAN-0041,CUST-0041,5,18-02-2023,"10070,97",Paid,21-02-2023,"352483,95"
INS-00322,LOAN-0041,CUST-0041,6,18-03-2023,"10070,97",Paid,20-03-2023,"342412,98"
INS-00323,LOAN-0041,CUST-0041,7,18-04-2023,"10070,97",Paid,22-04-2023,"332342,01"
INS-00324,LOAN-0041,CUST-0041,8,18-05-2023,"10070,97",Paid,22-05-2023,"322271,04"
INS-00325,LOAN-0041,CUST-0041,9,18-06-2023,"10070,97",Paid,20-06-2023,"312200,07"
INS-00326,LOAN-0041,CUST-0041,10,18-07-2023,"10070,97",Paid,21-07-2023,"302129,1"
INS-00327,LOAN-0041,CUST-0041,11,18-08-2023,"10070,97",Paid,19-08-2023,"292058,13"
INS-00328,LOAN-0041,CUST-0041,12,18-09-2023,"10070,97",Paid,19-09-2023,"281987,16"
INS-00329,LOAN-0041,CUST-0041,13,18-10-2023,"10070,97",Paid,19-10-2023,"271916,19"
INS-00330,LOAN-0041,CUST-0041,14,18-11-2023,"10070,97",Paid,22-11-2023,"261845,22"
INS-00331,LOAN-0041,CUST-0041,15,18-12-2023,"10070,97",Paid,22-12-2023,"251774,25"
INS-00332,LOAN-0041,CUST-0041,16,18-01-2024,"10070,97",Paid,22-01-2024,"241703,28"
INS-00333,LOAN-0041,CUST-0041,17,18-02-2024,"10070,97",Paid,22-02-2024,"231632,31"
INS-00334,LOAN-0041,CUST-0041,18,18-03-2024,"10070,97",Paid,20-03-2024,"221561,34"
INS-00335,LOAN-0041,CUST-0041,19,18-04-2024,"10070,97",Paid,18-04-2024,"211490,37"
INS-00336,LOAN-0041,CUST-0041,20,18-05-2024,"10070,97",Paid,22-05-2024,"201419,4"
INS-00337,LOAN-0041,CUST-0041,21,18-06-2024,"10070,97",Paid,21-06-2024,"191348,43"
INS-00338,LOAN-0041,CUST-0041,22,18-07-2024,"10070,97",Paid,18-07-2024,"181277,46"
INS-00339,LOAN-0041,CUST-0041,23,18-08-2024,"10070,97",Late,05-09-2024,"171206,49"
INS-00340,LOAN-0041,CUST-0041,24,18-09-2024,"10070,97",Paid,18-09-2024,"161135,52"
INS-00341,LOAN-0041,CUST-0041,25,18-10-2024,"10070,97",Paid,19-10-2024,"151064,55"
INS-00342,LOAN-0041,CUST-0041,26,18-11-2024,"10070,97",Paid,21-11-2024,"140993,58"
INS-00343,LOAN-0041,CUST-0041,27,18-12-2024,"10070,97",Paid,21-12-2024,"130922,61"
INS-00344,LOAN-0041,CUST-0041,28,18-01-2025,"10070,97",Paid,18-01-2025,"120851,64"
INS-00345,LOAN-0041,CUST-0041,29,18-02-2025,"10070,97",Paid,18-02-2025,"110780,67"
INS-00346,LOAN-0041,CUST-0041,30,18-03-2025,"10070,97",Paid,19-03-2025,"100709,7"
INS-00347,LOAN-0041,CUST-0041,31,18-04-2025,"10070,97",Paid,21-04-2025,"90638,73"
INS-00348,LOAN-0041,CUST-0041,32,18-05-2025,"10070,97",Paid,21-05-2025,"80567,76"
INS-00349,LOAN-0041,CUST-0041,33,18-06-2025,"10070,97",Paid,21-06-2025,"70496,79"
INS-00350,LOAN-0041,CUST-0041,34,18-07-2025,"10070,97",Paid,21-07-2025,"60425,82"
INS-00351,LOAN-0041,CUST-0041,35,18-08-2025,"10070,97",Paid,18-08-2025,"50354,85"
INS-00352,LOAN-0041,CUST-0041,36,18-09-2025,"10070,97",Paid,20-09-2025,"40283,88"
INS-00353,LOAN-0041,CUST-0041,37,18-10-2025,"10070,97",Paid,19-10-2025,"30212,91"
INS-00354,LOAN-0041,CUST-0041,38,18-11-2025,"10070,97",Late,29-11-2025,"20141,94"
INS-00355,LOAN-0041,CUST-0041,39,18-12-2025,"10070,97",Late,02-01-2026,"10070,97"
INS-00356,LOAN-0041,CUST-0041,40,18-01-2026,"10070,97",Paid,18-01-2026,0
INS-00357,LOAN-0042,CUST-0042,1,27-01-2023,"5813,36",Paid,30-01-2023,"255787,84"
INS-00358,LOAN-0042,CUST-0042,2,27-02-2023,"5813,36",Paid,28-02-2023,"249974,48"
INS-00359,LOAN-0042,CUST-0042,3,27-03-2023,"5813,36",Paid,31-03-2023,"244161,12"
INS-00360,LOAN-0042,CUST-0042,4,27-04-2023,"5813,36",Paid,30-04-2023,"238347,76"
INS-00361,LOAN-0042,CUST-0042,5,27-05-2023,"5813,36",Late,06-06-2023,"232534,4"
INS-00362,LOAN-0042,CUST-0042,6,27-06-2023,"5813,36",Paid,01-07-2023,"226721,04"
INS-00363,LOAN-0042,CUST-0042,7,27-07-2023,"5813,36",Paid,30-07-2023,"220907,68"
INS-00364,LOAN-0042,CUST-0042,8,27-08-2023,"5813,36",Paid,29-08-2023,"215094,32"
INS-00365,LOAN-0042,CUST-0042,9,27-09-2023,"5813,36",Paid,28-09-2023,"209280,96"
INS-00366,LOAN-0042,CUST-0042,10,27-10-2023,"5813,36",Paid,28-10-2023,"203467,6"
INS-00367,LOAN-0042,CUST-0042,11,27-11-2023,"5813,36",Late,08-12-2023,"197654,24"
INS-00368,LOAN-0042,CUST-0042,12,27-12-2023,"5813,36",Paid,31-12-2023,"191840,88"
INS-00369,LOAN-0042,CUST-0042,13,27-01-2024,"5813,36",Late,10-02-2024,"186027,52"
INS-00370,LOAN-0042,CUST-0042,14,27-02-2024,"5813,36",Paid,29-02-2024,"180214,16"
INS-00371,LOAN-0042,CUST-0042,15,27-03-2024,"5813,36",Paid,28-03-2024,"174400,8"
INS-00372,LOAN-0042,CUST-0042,16,27-04-2024,"5813,36",Paid,29-04-2024,"168587,44"
INS-00373,LOAN-0042,CUST-0042,17,27-05-2024,"5813,36",Paid,28-05-2024,"162774,08"
INS-00374,LOAN-0042,CUST-0042,18,27-06-2024,"5813,36",Paid,29-06-2024,"156960,72"
INS-00375,LOAN-0042,CUST-0042,19,27-07-2024,"5813,36",Paid,29-07-2024,"151147,36"
INS-00376,LOAN-0042,CUST-0042,20,27-08-2024,"5813,36",Paid,28-08-2024,145334
INS-00377,LOAN-0042,CUST-0042,21,27-09-2024,"5813,36",Paid,27-09-2024,"139520,64"
INS-00378,LOAN-0042,CUST-0042,22,27-10-2024,"5813,36",Paid,30-10-2024,"133707,28"
INS-00379,LOAN-0042,CUST-0042,23,27-11-2024,"5813,36",Late,14-12-2024,"127893,92"
INS-00380,LOAN-0042,CUST-0042,24,27-12-2024,"5813,36",Paid,31-12-2024,"122080,56"
INS-00381,LOAN-0042,CUST-0042,25,27-01-2025,"5813,36",Paid,30-01-2025,"116267,2"
INS-00382,LOAN-0042,CUST-0042,26,27-02-2025,"5813,36",Paid,28-02-2025,"110453,84"
INS-00383,LOAN-0042,CUST-0042,27,27-03-2025,"5813,36",Paid,28-03-2025,"104640,48"
INS-00384,LOAN-0042,CUST-0042,28,27-04-2025,"5813,36",Paid,27-04-2025,"98827,12"
INS-00385,LOAN-0042,CUST-0042,29,27-05-2025,"5813,36",Paid,27-05-2025,"93013,76"
INS-00386,LOAN-0042,CUST-0042,30,27-06-2025,"5813,36",Paid,01-07-2025,"87200,4"
INS-00387,LOAN-0042,CUST-0042,31,27-07-2025,"5813,36",Paid,27-07-2025,"81387,04"
INS-00388,LOAN-0042,CUST-0042,32,27-08-2025,"5813,36",Late,01-09-2025,"75573,68"
INS-00389,LOAN-0042,CUST-0042,33,27-09-2025,"5813,36",Paid,28-09-2025,"69760,32"
INS-00390,LOAN-0042,CUST-0042,34,27-10-2025,"5813,36",Paid,31-10-2025,"63946,96"
INS-00391,LOAN-0042,CUST-0042,35,27-11-2025,"5813,36",Paid,30-11-2025,"58133,6"
INS-00392,LOAN-0042,CUST-0042,36,27-12-2025,"5813,36",Paid,29-12-2025,"52320,24"
INS-00393,LOAN-0042,CUST-0042,37,27-01-2026,"5813,36",Paid,28-01-2026,"46506,88"
INS-00394,LOAN-0042,CUST-0042,38,27-02-2026,"5813,36",Paid,28-02-2026,"40693,52"
INS-00395,LOAN-0042,CUST-0042,39,27-03-2026,"5813,36",Paid,27-03-2026,"34880,16"
INS-00396,LOAN-0042,CUST-0042,40,27-04-2026,"5813,36",Paid,27-04-2026,"29066,8"
INS-00397,LOAN-0042,CUST-0042,41,27-05-2026,"5813,36",Paid,30-05-2026,"23253,44"
INS-00398,LOAN-0042,CUST-0042,42,27-06-2026,"5813,36",Paid,27-06-2026,"17440,08"
INS-00399,LOAN-0042,CUST-0042,43,27-07-2026,"5813,36",Unpaid,,"11626,72"
INS-00400,LOAN-0042,CUST-0042,44,27-08-2026,"5813,36",Unpaid,,"5813,36"
INS-00401,LOAN-0042,CUST-0042,45,27-09-2026,"5813,36",Unpaid,,0
INS-00402,LOAN-0044,CUST-0044,1,04-02-2022,"249,23",Paid,07-02-2022,"3987,68"
INS-00403,LOAN-0044,CUST-0044,2,04-03-2022,"249,23",Paid,08-03-2022,"3738,45"
INS-00404,LOAN-0044,CUST-0044,3,04-04-2022,"249,23",Paid,07-04-2022,"3489,22"
INS-00405,LOAN-0044,CUST-0044,4,04-05-2022,"249,23",Paid,07-05-2022,"3239,99"
INS-00406,LOAN-0044,CUST-0044,5,04-06-2022,"249,23",Late,15-06-2022,"2990,76"
INS-00407,LOAN-0044,CUST-0044,6,04-07-2022,"249,23",Paid,05-07-2022,"2741,53"
INS-00408,LOAN-0044,CUST-0044,7,04-08-2022,"249,23",Paid,08-08-2022,"2492,3"
INS-00409,LOAN-0044,CUST-0044,8,04-09-2022,"249,23",Paid,08-09-2022,"2243,07"
INS-00410,LOAN-0044,CUST-0044,9,04-10-2022,"249,23",Paid,08-10-2022,"1993,84"
INS-00411,LOAN-0044,CUST-0044,10,04-11-2022,"249,23",Paid,06-11-2022,"1744,61"
INS-00412,LOAN-0044,CUST-0044,11,04-12-2022,"249,23",Paid,05-12-2022,"1495,38"
INS-00413,LOAN-0044,CUST-0044,12,04-01-2023,"249,23",Paid,07-01-2023,"1246,15"
INS-00414,LOAN-0044,CUST-0044,13,04-02-2023,"249,23",Paid,04-02-2023,"996,92"
INS-00415,LOAN-0044,CUST-0044,14,04-03-2023,"249,23",Paid,04-03-2023,"747,69"
INS-00416,LOAN-0044,CUST-0044,15,04-04-2023,"249,23",Paid,07-04-2023,"498,46"
INS-00417,LOAN-0044,CUST-0044,16,04-05-2023,"249,23",Late,16-05-2023,"249,23"
INS-00418,LOAN-0044,CUST-0044,17,04-06-2023,"249,23",Paid,05-06-2023,0
INS-00419,LOAN-0051,CUST-0051,1,18-09-2022,"5201,27",Paid,21-09-2022,"67616,51"
INS-00420,LOAN-0051,CUST-0051,2,18-10-2022,"5201,27",Paid,22-10-2022,"62415,24"
INS-00421,LOAN-0051,CUST-0051,3,18-11-2022,"5201,27",Paid,20-11-2022,"57213,97"
INS-00422,LOAN-0051,CUST-0051,4,18-12-2022,"5201,27",Paid,18-12-2022,"52012,7"
INS-00423,LOAN-0051,CUST-0051,5,18-01-2023,"5201,27",Late,29-01-2023,"46811,43"
INS-00424,LOAN-0051,CUST-0051,6,18-02-2023,"5201,27",Paid,20-02-2023,"41610,16"
INS-00425,LOAN-0051,CUST-0051,7,18-03-2023,"5201,27",Paid,20-03-2023,"36408,89"
INS-00426,LOAN-0051,CUST-0051,8,18-04-2023,"5201,27",Paid,18-04-2023,"31207,62"
INS-00427,LOAN-0051,CUST-0051,9,18-05-2023,"5201,27",Paid,21-05-2023,"26006,35"
INS-00428,LOAN-0051,CUST-0051,10,18-06-2023,"5201,27",Paid,22-06-2023,"20805,08"
INS-00429,LOAN-0051,CUST-0051,11,18-07-2023,"5201,27",Paid,21-07-2023,"15603,81"
INS-00430,LOAN-0051,CUST-0051,12,18-08-2023,"5201,27",Paid,18-08-2023,"10402,54"
INS-00431,LOAN-0051,CUST-0051,13,18-09-2023,"5201,27",Paid,21-09-2023,"5201,27"
INS-00432,LOAN-0051,CUST-0051,14,18-10-2023,"5201,27",Paid,20-10-2023,0
INS-00433,LOAN-0053,CUST-0053,1,02-05-2022,"3631,88",Late,16-05-2022,"10895,64"
INS-00434,LOAN-0053,CUST-0053,2,02-06-2022,"3631,88",Paid,04-06-2022,"7263,76"
INS-00435,LOAN-0053,CUST-0053,3,02-07-2022,"3631,88",Paid,05-07-2022,"3631,88"
INS-00436,LOAN-0053,CUST-0053,4,02-08-2022,"3631,88",Paid,03-08-2022,0
INS-00437,LOAN-0055,CUST-0055,1,22-04-2022,"8354,32",Paid,26-04-2022,"492904,88"
INS-00438,LOAN-0055,CUST-0055,2,22-05-2022,"8354,32",Paid,22-05-2022,"484550,56"
INS-00439,LOAN-0055,CUST-0055,3,22-06-2022,"8354,32",Paid,26-06-2022,"476196,24"
INS-00440,LOAN-0055,CUST-0055,4,22-07-2022,"8354,32",Late,07-08-2022,"467841,92"
INS-00441,LOAN-0055,CUST-0055,5,22-08-2022,"8354,32",Paid,23-08-2022,"459487,6"
INS-00442,LOAN-0055,CUST-0055,6,22-09-2022,"8354,32",Paid,22-09-2022,"451133,28"
INS-00443,LOAN-0055,CUST-0055,7,22-10-2022,"8354,32",Paid,23-10-2022,"442778,96"
INS-00444,LOAN-0055,CUST-0055,8,22-11-2022,"8354,32",Paid,23-11-2022,"434424,64"
INS-00445,LOAN-0055,CUST-0055,9,22-12-2022,"8354,32",Paid,26-12-2022,"426070,32"
INS-00446,LOAN-0055,CUST-0055,10,22-01-2023,"8354,32",Paid,24-01-2023,417716
INS-00447,LOAN-0055,CUST-0055,11,22-02-2023,"8354,32",Paid,24-02-2023,"409361,68"
INS-00448,LOAN-0055,CUST-0055,12,22-03-2023,"8354,32",Paid,25-03-2023,"401007,36"
INS-00449,LOAN-0055,CUST-0055,13,22-04-2023,"8354,32",Late,11-05-2023,"392653,04"
INS-00450,LOAN-0055,CUST-0055,14,22-05-2023,"8354,32",Paid,25-05-2023,"384298,72"
INS-00451,LOAN-0055,CUST-0055,15,22-06-2023,"8354,32",Paid,22-06-2023,"375944,4"
INS-00452,LOAN-0055,CUST-0055,16,22-07-2023,"8354,32",Paid,23-07-2023,"367590,08"
INS-00453,LOAN-0055,CUST-0055,17,22-08-2023,"8354,32",Paid,25-08-2023,"359235,76"
INS-00454,LOAN-0055,CUST-0055,18,22-09-2023,"8354,32",Paid,23-09-2023,"350881,44"
INS-00455,LOAN-0055,CUST-0055,19,22-10-2023,"8354,32",Paid,25-10-2023,"342527,12"
INS-00456,LOAN-0055,CUST-0055,20,22-11-2023,"8354,32",Late,05-12-2023,"334172,8"
INS-00457,LOAN-0055,CUST-0055,21,22-12-2023,"8354,32",Paid,24-12-2023,"325818,48"
INS-00458,LOAN-0055,CUST-0055,22,22-01-2024,"8354,32",Paid,26-01-2024,"317464,16"
INS-00459,LOAN-0055,CUST-0055,23,22-02-2024,"8354,32",Paid,24-02-2024,"309109,84"
INS-00460,LOAN-0055,CUST-0055,24,22-03-2024,"8354,32",Paid,22-03-2024,"300755,52"
INS-00461,LOAN-0055,CUST-0055,25,22-04-2024,"8354,32",Paid,24-04-2024,"292401,2"
INS-00462,LOAN-0055,CUST-0055,26,22-05-2024,"8354,32",Late,04-06-2024,"284046,88"
INS-00463,LOAN-0055,CUST-0055,27,22-06-2024,"8354,32",Late,28-06-2024,"275692,56"
INS-00464,LOAN-0055,CUST-0055,28,22-07-2024,"8354,32",Paid,24-07-2024,"267338,24"
INS-00465,LOAN-0055,CUST-0055,29,22-08-2024,"8354,32",Paid,22-08-2024,"258983,92"
INS-00466,LOAN-0055,CUST-0055,30,22-09-2024,"8354,32",Late,01-10-2024,"250629,6"
INS-00467,LOAN-0055,CUST-0055,31,22-10-2024,"8354,32",Paid,24-10-2024,"242275,28"
INS-00468,LOAN-0055,CUST-0055,32,22-11-2024,"8354,32",Late,07-12-2024,"233920,96"
INS-00469,LOAN-0055,CUST-0055,33,22-12-2024,"8354,32",Paid,26-12-2024,"225566,64"
INS-00470,LOAN-0055,CUST-0055,34,22-01-2025,"8354,32",Paid,23-01-2025,"217212,32"
INS-00471,LOAN-0055,CUST-0055,35,22-02-2025,"8354,32",Paid,25-02-2025,208858
INS-00472,LOAN-0055,CUST-0055,36,22-03-2025,"8354,32",Paid,22-03-2025,"200503,68"
INS-00473,LOAN-0055,CUST-0055,37,22-04-2025,"8354,32",Paid,22-04-2025,"192149,36"
INS-00474,LOAN-0055,CUST-0055,38,22-05-2025,"8354,32",Paid,26-05-2025,"183795,04"
INS-00475,LOAN-0055,CUST-0055,39,22-06-2025,"8354,32",Paid,26-06-2025,"175440,72"
INS-00476,LOAN-0055,CUST-0055,40,22-07-2025,"8354,32",Paid,25-07-2025,"167086,4"
INS-00477,LOAN-0055,CUST-0055,41,22-08-2025,"8354,32",Paid,25-08-2025,"158732,08"
INS-00478,LOAN-0055,CUST-0055,42,22-09-2025,"8354,32",Paid,24-09-2025,"150377,76"
INS-00479,LOAN-0055,CUST-0055,43,22-10-2025,"8354,32",Paid,26-10-2025,"142023,44"
INS-00480,LOAN-0055,CUST-0055,44,22-11-2025,"8354,32",Paid,24-11-2025,"133669,12"
INS-00481,LOAN-0055,CUST-0055,45,22-12-2025,"8354,32",Late,30-12-2025,"125314,8"
INS-00482,LOAN-0055,CUST-0055,46,22-01-2026,"8354,32",Paid,25-01-2026,"116960,48"
INS-00483,LOAN-0055,CUST-0055,47,22-02-2026,"8354,32",Paid,22-02-2026,"108606,16"
INS-00484,LOAN-0055,CUST-0055,48,22-03-2026,"8354,32",Paid,25-03-2026,"100251,84"
INS-00485,LOAN-0055,CUST-0055,49,22-04-2026,"8354,32",Paid,25-04-2026,"91897,52"
INS-00486,LOAN-0055,CUST-0055,50,22-05-2026,"8354,32",Paid,26-05-2026,"83543,2"
INS-00487,LOAN-0055,CUST-0055,51,22-06-2026,"8354,32",Paid,22-06-2026,"75188,88"
INS-00488,LOAN-0055,CUST-0055,52,22-07-2026,"8354,32",Unpaid,,"66834,56"
INS-00489,LOAN-0055,CUST-0055,53,22-08-2026,"8354,32",Unpaid,,"58480,24"
INS-00490,LOAN-0055,CUST-0055,54,22-09-2026,"8354,32",Unpaid,,"50125,92"
INS-00491,LOAN-0055,CUST-0055,55,22-10-2026,"8354,32",Unpaid,,"41771,6"
INS-00492,LOAN-0055,CUST-0055,56,22-11-2026,"8354,32",Unpaid,,"33417,28"
INS-00493,LOAN-0055,CUST-0055,57,22-12-2026,"8354,32",Unpaid,,"25062,96"
INS-00494,LOAN-0055,CUST-0055,58,22-01-2027,"8354,32",Unpaid,,"16708,64"
INS-00495,LOAN-0055,CUST-0055,59,22-02-2027,"8354,32",Unpaid,,"8354,32"
INS-00496,LOAN-0055,CUST-0055,60,22-03-2027,"8354,32",Unpaid,,0
INS-00497,LOAN-0056,CUST-0056,1,29-09-2022,"8224,96",Paid,30-09-2022,"74024,64"
INS-00498,LOAN-0056,CUST-0056,2,29-10-2022,"8224,96",Paid,29-10-2022,"65799,68"
INS-00499,LOAN-0056,CUST-0056,3,29-11-2022,"8224,96",Late,15-12-2022,"57574,72"
INS-00500,LOAN-0056,CUST-0056,4,29-12-2022,"8224,96",Paid,29-12-2022,"49349,76"
INS-00501,LOAN-0056,CUST-0056,5,29-01-2023,"8224,96",Paid,31-01-2023,"41124,8"
INS-00502,LOAN-0056,CUST-0056,6,01-03-2023,"8224,96",Paid,01-03-2023,"32899,84"
INS-00503,LOAN-0056,CUST-0056,7,29-03-2023,"8224,96",Paid,30-03-2023,"24674,88"
INS-00504,LOAN-0056,CUST-0056,8,29-04-2023,"8224,96",Paid,03-05-2023,"16449,92"
INS-00505,LOAN-0056,CUST-0056,9,29-05-2023,"8224,96",Paid,29-05-2023,"8224,96"
INS-00506,LOAN-0056,CUST-0056,10,29-06-2023,"8224,96",Paid,29-06-2023,0
INS-00507,LOAN-0059,CUST-0059,1,01-03-2022,"5239,29",Paid,04-03-2022,"188614,44"
INS-00508,LOAN-0059,CUST-0059,2,01-04-2022,"5239,29",Paid,04-04-2022,"183375,15"
INS-00509,LOAN-0059,CUST-0059,3,01-05-2022,"5239,29",Paid,01-05-2022,"178135,86"
INS-00510,LOAN-0059,CUST-0059,4,01-06-2022,"5239,29",Paid,01-06-2022,"172896,57"
INS-00511,LOAN-0059,CUST-0059,5,01-07-2022,"5239,29",Paid,03-07-2022,"167657,28"
INS-00512,LOAN-0059,CUST-0059,6,01-08-2022,"5239,29",Late,15-08-2022,"162417,99"
INS-00513,LOAN-0059,CUST-0059,7,01-09-2022,"5239,29",Paid,03-09-2022,"157178,7"
INS-00514,LOAN-0059,CUST-0059,8,01-10-2022,"5239,29",Paid,05-10-2022,"151939,41"
INS-00515,LOAN-0059,CUST-0059,9,01-11-2022,"5239,29",Late,15-11-2022,"146700,12"
INS-00516,LOAN-0059,CUST-0059,10,01-12-2022,"5239,29",Paid,02-12-2022,"141460,83"
INS-00517,LOAN-0059,CUST-0059,11,01-01-2023,"5239,29",Paid,02-01-2023,"136221,54"
INS-00518,LOAN-0059,CUST-0059,12,01-02-2023,"5239,29",Paid,01-02-2023,"130982,25"
INS-00519,LOAN-0059,CUST-0059,13,01-03-2023,"5239,29",Paid,05-03-2023,"125742,96"
INS-00520,LOAN-0059,CUST-0059,14,01-04-2023,"5239,29",Late,09-04-2023,"120503,67"
INS-00521,LOAN-0059,CUST-0059,15,01-05-2023,"5239,29",Paid,01-05-2023,"115264,38"
INS-00522,LOAN-0059,CUST-0059,16,01-06-2023,"5239,29",Late,19-06-2023,"110025,09"
INS-00523,LOAN-0059,CUST-0059,17,01-07-2023,"5239,29",Paid,03-07-2023,"104785,8"
INS-00524,LOAN-0059,CUST-0059,18,01-08-2023,"5239,29",Paid,02-08-2023,"99546,51"
INS-00525,LOAN-0059,CUST-0059,19,01-09-2023,"5239,29",Late,16-09-2023,"94307,22"
INS-00526,LOAN-0059,CUST-0059,20,01-10-2023,"5239,29",Late,11-10-2023,"89067,93"
INS-00527,LOAN-0059,CUST-0059,21,01-11-2023,"5239,29",Paid,02-11-2023,"83828,64"
INS-00528,LOAN-0059,CUST-0059,22,01-12-2023,"5239,29",Late,14-12-2023,"78589,35"
INS-00529,LOAN-0059,CUST-0059,23,01-01-2024,"5239,29",Paid,02-01-2024,"73350,06"
INS-00530,LOAN-0059,CUST-0059,24,01-02-2024,"5239,29",Paid,02-02-2024,"68110,77"
INS-00531,LOAN-0059,CUST-0059,25,01-03-2024,"5239,29",Paid,02-03-2024,"62871,48"
INS-00532,LOAN-0059,CUST-0059,26,01-04-2024,"5239,29",Paid,05-04-2024,"57632,19"
INS-00533,LOAN-0059,CUST-0059,27,01-05-2024,"5239,29",Paid,05-05-2024,"52392,9"
INS-00534,LOAN-0059,CUST-0059,28,01-06-2024,"5239,29",Paid,01-06-2024,"47153,61"
INS-00535,LOAN-0059,CUST-0059,29,01-07-2024,"5239,29",Paid,05-07-2024,"41914,32"
INS-00536,LOAN-0059,CUST-0059,30,01-08-2024,"5239,29",Paid,05-08-2024,"36675,03"
INS-00537,LOAN-0059,CUST-0059,31,01-09-2024,"5239,29",Paid,01-09-2024,"31435,74"
INS-00538,LOAN-0059,CUST-0059,32,01-10-2024,"5239,29",Paid,02-10-2024,"26196,45"
INS-00539,LOAN-0059,CUST-0059,33,01-11-2024,"5239,29",Paid,04-11-2024,"20957,16"
INS-00540,LOAN-0059,CUST-0059,34,01-12-2024,"5239,29",Paid,03-12-2024,"15717,87"
INS-00541,LOAN-0059,CUST-0059,35,01-01-2025,"5239,29",Paid,02-01-2025,"10478,58"
INS-00542,LOAN-0059,CUST-0059,36,01-02-2025,"5239,29",Paid,05-02-2025,"5239,29"
INS-00543,LOAN-0059,CUST-0059,37,01-03-2025,"5239,29",Paid,02-03-2025,0
INS-00544,LOAN-0061,CUST-0061,1,12-12-2022,"4049,48",Paid,15-12-2022,101237
INS-00545,LOAN-0061,CUST-0061,2,12-01-2023,"4049,48",Paid,12-01-2023,"97187,52"
INS-00546,LOAN-0061,CUST-0061,3,12-02-2023,"4049,48",Late,19-02-2023,"93138,04"
INS-00547,LOAN-0061,CUST-0061,4,12-03-2023,"4049,48",Paid,12-03-2023,"89088,56"
INS-00548,LOAN-0061,CUST-0061,5,12-04-2023,"4049,48",Paid,12-04-2023,"85039,08"
INS-00549,LOAN-0061,CUST-0061,6,12-05-2023,"4049,48",Paid,14-05-2023,"80989,6"
INS-00550,LOAN-0061,CUST-0061,7,12-06-2023,"4049,48",Paid,14-06-2023,"76940,12"
INS-00551,LOAN-0061,CUST-0061,8,12-07-2023,"4049,48",Paid,13-07-2023,"72890,64"
INS-00552,LOAN-0061,CUST-0061,9,12-08-2023,"4049,48",Late,30-08-2023,"68841,16"
INS-00553,LOAN-0061,CUST-0061,10,12-09-2023,"4049,48",Paid,12-09-2023,"64791,68"
INS-00554,LOAN-0061,CUST-0061,11,12-10-2023,"4049,48",Paid,16-10-2023,"60742,2"
INS-00555,LOAN-0061,CUST-0061,12,12-11-2023,"4049,48",Paid,14-11-2023,"56692,72"
INS-00556,LOAN-0061,CUST-0061,13,12-12-2023,"4049,48",Paid,16-12-2023,"52643,24"
INS-00557,LOAN-0061,CUST-0061,14,12-01-2024,"4049,48",Paid,14-01-2024,"48593,76"
INS-00558,LOAN-0061,CUST-0061,15,12-02-2024,"4049,48",Paid,14-02-2024,"44544,28"
INS-00559,LOAN-0061,CUST-0061,16,12-03-2024,"4049,48",Paid,16-03-2024,"40494,8"
INS-00560,LOAN-0061,CUST-0061,17,12-04-2024,"4049,48",Late,27-04-2024,"36445,32"
INS-00561,LOAN-0061,CUST-0061,18,12-05-2024,"4049,48",Paid,12-05-2024,"32395,84"
INS-00562,LOAN-0061,CUST-0061,19,12-06-2024,"4049,48",Paid,13-06-2024,"28346,36"
INS-00563,LOAN-0061,CUST-0061,20,12-07-2024,"4049,48",Paid,13-07-2024,"24296,88"
INS-00564,LOAN-0061,CUST-0061,21,12-08-2024,"4049,48",Paid,15-08-2024,"20247,4"
INS-00565,LOAN-0061,CUST-0061,22,12-09-2024,"4049,48",Paid,16-09-2024,"16197,92"
INS-00566,LOAN-0061,CUST-0061,23,12-10-2024,"4049,48",Late,28-10-2024,"12148,44"
INS-00567,LOAN-0061,CUST-0061,24,12-11-2024,"4049,48",Paid,16-11-2024,"8098,96"
INS-00568,LOAN-0061,CUST-0061,25,12-12-2024,"4049,48",Paid,15-12-2024,"4049,48"
INS-00569,LOAN-0061,CUST-0061,26,12-01-2025,"4049,48",Paid,16-01-2025,0
INS-00570,LOAN-0063,CUST-0063,1,01-06-2022,"14642,62",Paid,01-06-2022,"29285,24"
INS-00571,LOAN-0063,CUST-0063,2,01-07-2022,"14642,62",Paid,02-07-2022,"14642,62"
INS-00572,LOAN-0063,CUST-0063,3,01-08-2022,"14642,62",Paid,01-08-2022,0
INS-00573,LOAN-0064,CUST-0064,1,15-07-2022,"6744,7",Late,20-07-2022,"161872,8"
INS-00574,LOAN-0064,CUST-0064,2,15-08-2022,"6744,7",Paid,18-08-2022,"155128,1"
INS-00575,LOAN-0064,CUST-0064,3,15-09-2022,"6744,7",Paid,18-09-2022,"148383,4"
INS-00576,LOAN-0064,CUST-0064,4,15-10-2022,"6744,7",Paid,19-10-2022,"141638,7"
INS-00577,LOAN-0064,CUST-0064,5,15-11-2022,"6744,7",Paid,17-11-2022,134894
INS-00578,LOAN-0064,CUST-0064,6,15-12-2022,"6744,7",Paid,19-12-2022,"128149,3"
INS-00579,LOAN-0064,CUST-0064,7,15-01-2023,"6744,7",Paid,16-01-2023,"121404,6"
INS-00580,LOAN-0064,CUST-0064,8,15-02-2023,"6744,7",Paid,18-02-2023,"114659,9"
INS-00581,LOAN-0064,CUST-0064,9,15-03-2023,"6744,7",Paid,19-03-2023,"107915,2"
INS-00582,LOAN-0064,CUST-0064,10,15-04-2023,"6744,7",Paid,19-04-2023,"101170,5"
INS-00583,LOAN-0064,CUST-0064,11,15-05-2023,"6744,7",Paid,17-05-2023,"94425,8"
INS-00584,LOAN-0064,CUST-0064,12,15-06-2023,"6744,7",Paid,18-06-2023,"87681,1"
INS-00585,LOAN-0064,CUST-0064,13,15-07-2023,"6744,7",Paid,16-07-2023,"80936,4"
INS-00586,LOAN-0064,CUST-0064,14,15-08-2023,"6744,7",Paid,17-08-2023,"74191,7"
INS-00587,LOAN-0064,CUST-0064,15,15-09-2023,"6744,7",Paid,16-09-2023,67447
INS-00588,LOAN-0064,CUST-0064,16,15-10-2023,"6744,7",Paid,19-10-2023,"60702,3"
INS-00589,LOAN-0064,CUST-0064,17,15-11-2023,"6744,7",Paid,18-11-2023,"53957,6"
INS-00590,LOAN-0064,CUST-0064,18,15-12-2023,"6744,7",Paid,18-12-2023,"47212,9"
INS-00591,LOAN-0064,CUST-0064,19,15-01-2024,"6744,7",Paid,16-01-2024,"40468,2"
INS-00592,LOAN-0064,CUST-0064,20,15-02-2024,"6744,7",Paid,19-02-2024,"33723,5"
INS-00593,LOAN-0064,CUST-0064,21,15-03-2024,"6744,7",Paid,17-03-2024,"26978,8"
INS-00594,LOAN-0064,CUST-0064,22,15-04-2024,"6744,7",Late,29-04-2024,"20234,1"
INS-00595,LOAN-0064,CUST-0064,23,15-05-2024,"6744,7",Paid,16-05-2024,"13489,4"
INS-00596,LOAN-0064,CUST-0064,24,15-06-2024,"6744,7",Paid,17-06-2024,"6744,7"
INS-00597,LOAN-0064,CUST-0064,25,15-07-2024,"6744,7",Paid,17-07-2024,0
INS-00598,LOAN-0065,CUST-0065,1,01-07-2022,"8896,24",Paid,01-07-2022,"88962,4"
INS-00599,LOAN-0065,CUST-0065,2,01-08-2022,"8896,24",Paid,01-08-2022,"80066,16"
INS-00600,LOAN-0065,CUST-0065,3,01-09-2022,"8896,24",Late,07-09-2022,"71169,92"
INS-00601,LOAN-0065,CUST-0065,4,01-10-2022,"8896,24",Paid,05-10-2022,"62273,68"
INS-00602,LOAN-0065,CUST-0065,5,01-11-2022,"8896,24",Paid,04-11-2022,"53377,44"
INS-00603,LOAN-0065,CUST-0065,6,01-12-2022,"8896,24",Late,07-12-2022,"44481,2"
INS-00604,LOAN-0065,CUST-0065,7,01-01-2023,"8896,24",Paid,01-01-2023,"35584,96"
INS-00605,LOAN-0065,CUST-0065,8,01-02-2023,"8896,24",Paid,03-02-2023,"26688,72"
INS-00606,LOAN-0065,CUST-0065,9,01-03-2023,"8896,24",Paid,01-03-2023,"17792,48"
INS-00607,LOAN-0065,CUST-0065,10,01-04-2023,"8896,24",Late,09-04-2023,"8896,24"
INS-00608,LOAN-0065,CUST-0065,11,01-05-2023,"8896,24",Paid,01-05-2023,0
INS-00609,LOAN-0067,CUST-0067,1,05-06-2022,"9817,51",Late,17-06-2022,"353430,36"
INS-00610,LOAN-0067,CUST-0067,2,05-07-2022,"9817,51",Paid,07-07-2022,"343612,85"
INS-00611,LOAN-0067,CUST-0067,3,05-08-2022,"9817,51",Paid,09-08-2022,"333795,34"
INS-00612,LOAN-0067,CUST-0067,4,05-09-2022,"9817,51",Paid,09-09-2022,"323977,83"
INS-00613,LOAN-0067,CUST-0067,5,05-10-2022,"9817,51",Paid,06-10-2022,"314160,32"
INS-00614,LOAN-0067,CUST-0067,6,05-11-2022,"9817,51",Paid,05-11-2022,"304342,81"
INS-00615,LOAN-0067,CUST-0067,7,05-12-2022,"9817,51",Paid,05-12-2022,"294525,3"
INS-00616,LOAN-0067,CUST-0067,8,05-01-2023,"9817,51",Paid,09-01-2023,"284707,79"
INS-00617,LOAN-0067,CUST-0067,9,05-02-2023,"9817,51",Paid,08-02-2023,"274890,28"
INS-00618,LOAN-0067,CUST-0067,10,05-03-2023,"9817,51",Paid,07-03-2023,"265072,77"
INS-00619,LOAN-0067,CUST-0067,11,05-04-2023,"9817,51",Paid,06-04-2023,"255255,26"
INS-00620,LOAN-0067,CUST-0067,12,05-05-2023,"9817,51",Paid,06-05-2023,"245437,75"
INS-00621,LOAN-0067,CUST-0067,13,05-06-2023,"9817,51",Paid,09-06-2023,"235620,24"
INS-00622,LOAN-0067,CUST-0067,14,05-07-2023,"9817,51",Paid,08-07-2023,"225802,73"
INS-00623,LOAN-0067,CUST-0067,15,05-08-2023,"9817,51",Paid,09-08-2023,"215985,22"
INS-00624,LOAN-0067,CUST-0067,16,05-09-2023,"9817,51",Paid,07-09-2023,"206167,71"
INS-00625,LOAN-0067,CUST-0067,17,05-10-2023,"9817,51",Paid,08-10-2023,"196350,2"
INS-00626,LOAN-0067,CUST-0067,18,05-11-2023,"9817,51",Paid,07-11-2023,"186532,69"
INS-00627,LOAN-0067,CUST-0067,19,05-12-2023,"9817,51",Paid,06-12-2023,"176715,18"
INS-00628,LOAN-0067,CUST-0067,20,05-01-2024,"9817,51",Late,13-01-2024,"166897,67"
INS-00629,LOAN-0067,CUST-0067,21,05-02-2024,"9817,51",Paid,06-02-2024,"157080,16"
INS-00630,LOAN-0067,CUST-0067,22,05-03-2024,"9817,51",Late,16-03-2024,"147262,65"
INS-00631,LOAN-0067,CUST-0067,23,05-04-2024,"9817,51",Paid,06-04-2024,"137445,14"
INS-00632,LOAN-0067,CUST-0067,24,05-05-2024,"9817,51",Paid,05-05-2024,"127627,63"
INS-00633,LOAN-0067,CUST-0067,25,05-06-2024,"9817,51",Paid,06-06-2024,"117810,12"
INS-00634,LOAN-0067,CUST-0067,26,05-07-2024,"9817,51",Paid,07-07-2024,"107992,61"
INS-00635,LOAN-0067,CUST-0067,27,05-08-2024,"9817,51",Paid,06-08-2024,"98175,1"
INS-00636,LOAN-0067,CUST-0067,28,05-09-2024,"9817,51",Paid,06-09-2024,"88357,59"
INS-00637,LOAN-0067,CUST-0067,29,05-10-2024,"9817,51",Paid,09-10-2024,"78540,08"
INS-00638,LOAN-0067,CUST-0067,30,05-11-2024,"9817,51",Paid,05-11-2024,"68722,57"
INS-00639,LOAN-0067,CUST-0067,31,05-12-2024,"9817,51",Paid,09-12-2024,"58905,06"
INS-00640,LOAN-0067,CUST-0067,32,05-01-2025,"9817,51",Paid,06-01-2025,"49087,55"
INS-00641,LOAN-0067,CUST-0067,33,05-02-2025,"9817,51",Paid,07-02-2025,"39270,04"
INS-00642,LOAN-0067,CUST-0067,34,05-03-2025,"9817,51",Paid,09-03-2025,"29452,53"
INS-00643,LOAN-0067,CUST-0067,35,05-04-2025,"9817,51",Paid,09-04-2025,"19635,02"
INS-00644,LOAN-0067,CUST-0067,36,05-05-2025,"9817,51",Late,12-05-2025,"9817,51"
INS-00645,LOAN-0067,CUST-0067,37,05-06-2025,"9817,51",Late,17-06-2025,0
INS-00646,LOAN-0068,CUST-0068,1,09-07-2022,"2248,72",Paid,11-07-2022,56218
INS-00647,LOAN-0068,CUST-0068,2,09-08-2022,"2248,72",Late,24-08-2022,"53969,28"
INS-00648,LOAN-0068,CUST-0068,3,09-09-2022,"2248,72",Paid,09-09-2022,"51720,56"
INS-00649,LOAN-0068,CUST-0068,4,09-10-2022,"2248,72",Late,19-10-2022,"49471,84"
INS-00650,LOAN-0068,CUST-0068,5,09-11-2022,"2248,72",Paid,09-11-2022,"47223,12"
INS-00651,LOAN-0068,CUST-0068,6,09-12-2022,"2248,72",Paid,11-12-2022,"44974,4"
INS-00652,LOAN-0068,CUST-0068,7,09-01-2023,"2248,72",Paid,10-01-2023,"42725,68"
INS-00653,LOAN-0068,CUST-0068,8,09-02-2023,"2248,72",Paid,11-02-2023,"40476,96"
INS-00654,LOAN-0068,CUST-0068,9,09-03-2023,"2248,72",Paid,09-03-2023,"38228,24"
INS-00655,LOAN-0068,CUST-0068,10,09-04-2023,"2248,72",Late,27-04-2023,"35979,52"
INS-00656,LOAN-0068,CUST-0068,11,09-05-2023,"2248,72",Paid,13-05-2023,"33730,8"
INS-00657,LOAN-0068,CUST-0068,12,09-06-2023,"2248,72",Paid,10-06-2023,"31482,08"
INS-00658,LOAN-0068,CUST-0068,13,09-07-2023,"2248,72",Paid,11-07-2023,"29233,36"
INS-00659,LOAN-0068,CUST-0068,14,09-08-2023,"2248,72",Paid,11-08-2023,"26984,64"
INS-00660,LOAN-0068,CUST-0068,15,09-09-2023,"2248,72",Paid,13-09-2023,"24735,92"
INS-00661,LOAN-0068,CUST-0068,16,09-10-2023,"2248,72",Paid,12-10-2023,"22487,2"
INS-00662,LOAN-0068,CUST-0068,17,09-11-2023,"2248,72",Paid,12-11-2023,"20238,48"
INS-00663,LOAN-0068,CUST-0068,18,09-12-2023,"2248,72",Paid,12-12-2023,"17989,76"
INS-00664,LOAN-0068,CUST-0068,19,09-01-2024,"2248,72",Paid,12-01-2024,"15741,04"
INS-00665,LOAN-0068,CUST-0068,20,09-02-2024,"2248,72",Paid,13-02-2024,"13492,32"
INS-00666,LOAN-0068,CUST-0068,21,09-03-2024,"2248,72",Paid,13-03-2024,"11243,6"
INS-00667,LOAN-0068,CUST-0068,22,09-04-2024,"2248,72",Paid,10-04-2024,"8994,88"
INS-00668,LOAN-0068,CUST-0068,23,09-05-2024,"2248,72",Paid,12-05-2024,"6746,16"
INS-00669,LOAN-0068,CUST-0068,24,09-06-2024,"2248,72",Paid,11-06-2024,"4497,44"
INS-00670,LOAN-0068,CUST-0068,25,09-07-2024,"2248,72",Paid,09-07-2024,"2248,72"
INS-00671,LOAN-0068,CUST-0068,26,09-08-2024,"2248,72",Late,24-08-2024,0
INS-00672,LOAN-0071,CUST-0071,1,21-11-2022,"9579,93",Paid,24-11-2022,"411936,99"
INS-00673,LOAN-0071,CUST-0071,2,21-12-2022,"9579,93",Paid,23-12-2022,"402357,06"
INS-00674,LOAN-0071,CUST-0071,3,21-01-2023,"9579,93",Paid,25-01-2023,"392777,13"
INS-00675,LOAN-0071,CUST-0071,4,21-02-2023,"9579,93",Paid,25-02-2023,"383197,2"
INS-00676,LOAN-0071,CUST-0071,5,21-03-2023,"9579,93",Late,27-03-2023,"373617,27"
INS-00677,LOAN-0071,CUST-0071,6,21-04-2023,"9579,93",Paid,24-04-2023,"364037,34"
INS-00678,LOAN-0071,CUST-0071,7,21-05-2023,"9579,93",Paid,25-05-2023,"354457,41"
INS-00679,LOAN-0071,CUST-0071,8,21-06-2023,"9579,93",Paid,22-06-2023,"344877,48"
INS-00680,LOAN-0071,CUST-0071,9,21-07-2023,"9579,93",Paid,24-07-2023,"335297,55"
INS-00681,LOAN-0071,CUST-0071,10,21-08-2023,"9579,93",Paid,24-08-2023,"325717,62"
INS-00682,LOAN-0071,CUST-0071,11,21-09-2023,"9579,93",Paid,22-09-2023,"316137,69"
INS-00683,LOAN-0071,CUST-0071,12,21-10-2023,"9579,93",Paid,25-10-2023,"306557,76"
INS-00684,LOAN-0071,CUST-0071,13,21-11-2023,"9579,93",Paid,24-11-2023,"296977,83"
INS-00685,LOAN-0071,CUST-0071,14,21-12-2023,"9579,93",Paid,21-12-2023,"287397,9"
INS-00686,LOAN-0071,CUST-0071,15,21-01-2024,"9579,93",Paid,24-01-2024,"277817,97"
INS-00687,LOAN-0071,CUST-0071,16,21-02-2024,"9579,93",Late,03-03-2024,"268238,04"
INS-00688,LOAN-0071,CUST-0071,17,21-03-2024,"9579,93",Paid,21-03-2024,"258658,11"
INS-00689,LOAN-0071,CUST-0071,18,21-04-2024,"9579,93",Paid,25-04-2024,"249078,18"
INS-00690,LOAN-0071,CUST-0071,19,21-05-2024,"9579,93",Paid,25-05-2024,"239498,25"
INS-00691,LOAN-0071,CUST-0071,20,21-06-2024,"9579,93",Paid,23-06-2024,"229918,32"
INS-00692,LOAN-0071,CUST-0071,21,21-07-2024,"9579,93",Paid,24-07-2024,"220338,39"
INS-00693,LOAN-0071,CUST-0071,22,21-08-2024,"9579,93",Late,03-09-2024,"210758,46"
INS-00694,LOAN-0071,CUST-0071,23,21-09-2024,"9579,93",Paid,21-09-2024,"201178,53"
INS-00695,LOAN-0071,CUST-0071,24,21-10-2024,"9579,93",Late,28-10-2024,"191598,6"
INS-00696,LOAN-0071,CUST-0071,25,21-11-2024,"9579,93",Paid,22-11-2024,"182018,67"
INS-00697,LOAN-0071,CUST-0071,26,21-12-2024,"9579,93",Paid,23-12-2024,"172438,74"
INS-00698,LOAN-0071,CUST-0071,27,21-01-2025,"9579,93",Paid,21-01-2025,"162858,81"
INS-00699,LOAN-0071,CUST-0071,28,21-02-2025,"9579,93",Late,08-03-2025,"153278,88"
INS-00700,LOAN-0071,CUST-0071,29,21-03-2025,"9579,93",Paid,21-03-2025,"143698,95"
INS-00701,LOAN-0071,CUST-0071,30,21-04-2025,"9579,93",Paid,24-04-2025,"134119,02"
INS-00702,LOAN-0071,CUST-0071,31,21-05-2025,"9579,93",Paid,25-05-2025,"124539,09"
INS-00703,LOAN-0071,CUST-0071,32,21-06-2025,"9579,93",Paid,25-06-2025,"114959,16"
INS-00704,LOAN-0071,CUST-0071,33,21-07-2025,"9579,93",Paid,25-07-2025,"105379,23"
INS-00705,LOAN-0071,CUST-0071,34,21-08-2025,"9579,93",Paid,22-08-2025,"95799,3"
INS-00706,LOAN-0071,CUST-0071,35,21-09-2025,"9579,93",Paid,21-09-2025,"86219,37"
INS-00707,LOAN-0071,CUST-0071,36,21-10-2025,"9579,93",Paid,24-10-2025,"76639,44"
INS-00708,LOAN-0071,CUST-0071,37,21-11-2025,"9579,93",Paid,24-11-2025,"67059,51"
INS-00709,LOAN-0071,CUST-0071,38,21-12-2025,"9579,93",Paid,24-12-2025,"57479,58"
INS-00710,LOAN-0071,CUST-0071,39,21-01-2026,"9579,93",Paid,25-01-2026,"47899,65"
INS-00711,LOAN-0071,CUST-0071,40,21-02-2026,"9579,93",Paid,25-02-2026,"38319,72"
INS-00712,LOAN-0071,CUST-0071,41,21-03-2026,"9579,93",Paid,22-03-2026,"28739,79"
INS-00713,LOAN-0071,CUST-0071,42,21-04-2026,"9579,93",Paid,24-04-2026,"19159,86"
INS-00714,LOAN-0071,CUST-0071,43,21-05-2026,"9579,93",Paid,25-05-2026,"9579,93"
INS-00715,LOAN-0071,CUST-0071,44,21-06-2026,"9579,93",Paid,21-06-2026,0
INS-00716,LOAN-0072,CUST-0072,1,12-09-2022,"7748,26",Paid,15-09-2022,"240196,06"
INS-00717,LOAN-0072,CUST-0072,2,12-10-2022,"7748,26",Paid,14-10-2022,"232447,8"
INS-00718,LOAN-0072,CUST-0072,3,12-11-2022,"7748,26",Late,19-11-2022,"224699,54"
INS-00719,LOAN-0072,CUST-0072,4,12-12-2022,"7748,26",Paid,16-12-2022,"216951,28"
INS-00720,LOAN-0072,CUST-0072,5,12-01-2023,"7748,26",Paid,13-01-2023,"209203,02"
INS-00721,LOAN-0072,CUST-0072,6,12-02-2023,"7748,26",Paid,13-02-2023,"201454,76"
INS-00722,LOAN-0072,CUST-0072,7,12-03-2023,"7748,26",Paid,16-03-2023,"193706,5"
INS-00723,LOAN-0072,CUST-0072,8,12-04-2023,"7748,26",Paid,13-04-2023,"185958,24"
INS-00724,LOAN-0072,CUST-0072,9,12-05-2023,"7748,26",Paid,12-05-2023,"178209,98"
INS-00725,LOAN-0072,CUST-0072,10,12-06-2023,"7748,26",Late,17-06-2023,"170461,72"
INS-00726,LOAN-0072,CUST-0072,11,12-07-2023,"7748,26",Paid,12-07-2023,"162713,46"
INS-00727,LOAN-0072,CUST-0072,12,12-08-2023,"7748,26",Paid,15-08-2023,"154965,2"
INS-00728,LOAN-0072,CUST-0072,13,12-09-2023,"7748,26",Late,20-09-2023,"147216,94"
INS-00729,LOAN-0072,CUST-0072,14,12-10-2023,"7748,26",Paid,16-10-2023,"139468,68"
INS-00730,LOAN-0072,CUST-0072,15,12-11-2023,"7748,26",Paid,15-11-2023,"131720,42"
INS-00731,LOAN-0072,CUST-0072,16,12-12-2023,"7748,26",Paid,16-12-2023,"123972,16"
INS-00732,LOAN-0072,CUST-0072,17,12-01-2024,"7748,26",Paid,14-01-2024,"116223,9"
INS-00733,LOAN-0072,CUST-0072,18,12-02-2024,"7748,26",Paid,16-02-2024,"108475,64"
INS-00734,LOAN-0072,CUST-0072,19,12-03-2024,"7748,26",Paid,12-03-2024,"100727,38"
INS-00735,LOAN-0072,CUST-0072,20,12-04-2024,"7748,26",Paid,13-04-2024,"92979,12"
INS-00736,LOAN-0072,CUST-0072,21,12-05-2024,"7748,26",Paid,16-05-2024,"85230,86"
INS-00737,LOAN-0072,CUST-0072,22,12-06-2024,"7748,26",Paid,16-06-2024,"77482,6"
INS-00738,LOAN-0072,CUST-0072,23,12-07-2024,"7748,26",Paid,16-07-2024,"69734,34"
INS-00739,LOAN-0072,CUST-0072,24,12-08-2024,"7748,26",Paid,14-08-2024,"61986,08"
INS-00740,LOAN-0072,CUST-0072,25,12-09-2024,"7748,26",Late,25-09-2024,"54237,82"
INS-00741,LOAN-0072,CUST-0072,26,12-10-2024,"7748,26",Late,30-10-2024,"46489,56"
INS-00742,LOAN-0072,CUST-0072,27,12-11-2024,"7748,26",Paid,15-11-2024,"38741,3"
INS-00743,LOAN-0072,CUST-0072,28,12-12-2024,"7748,26",Paid,16-12-2024,"30993,04"
INS-00744,LOAN-0072,CUST-0072,29,12-01-2025,"7748,26",Paid,15-01-2025,"23244,78"
INS-00745,LOAN-0072,CUST-0072,30,12-02-2025,"7748,26",Paid,16-02-2025,"15496,52"
INS-00746,LOAN-0072,CUST-0072,31,12-03-2025,"7748,26",Paid,12-03-2025,"7748,26"
INS-00747,LOAN-0072,CUST-0072,32,12-04-2025,"7748,26",Late,24-04-2025,0
INS-00748,LOAN-0074,CUST-0074,1,05-04-2022,"300,36",Paid,06-04-2022,"11413,68"
INS-00749,LOAN-0074,CUST-0074,2,05-05-2022,"300,36",Paid,05-05-2022,"11113,32"
INS-00750,LOAN-0074,CUST-0074,3,05-06-2022,"300,36",Paid,06-06-2022,"10812,96"
INS-00751,LOAN-0074,CUST-0074,4,05-07-2022,"300,36",Paid,08-07-2022,"10512,6"
INS-00752,LOAN-0074,CUST-0074,5,05-08-2022,"300,36",Paid,09-08-2022,"10212,24"
INS-00753,LOAN-0074,CUST-0074,6,05-09-2022,"300,36",Paid,05-09-2022,"9911,88"
INS-00754,LOAN-0074,CUST-0074,7,05-10-2022,"300,36",Paid,09-10-2022,"9611,52"
INS-00755,LOAN-0074,CUST-0074,8,05-11-2022,"300,36",Paid,08-11-2022,"9311,16"
INS-00756,LOAN-0074,CUST-0074,9,05-12-2022,"300,36",Paid,08-12-2022,"9010,8"
INS-00757,LOAN-0074,CUST-0074,10,05-01-2023,"300,36",Paid,05-01-2023,"8710,44"
INS-00758,LOAN-0074,CUST-0074,11,05-02-2023,"300,36",Paid,06-02-2023,"8410,08"
INS-00759,LOAN-0074,CUST-0074,12,05-03-2023,"300,36",Paid,06-03-2023,"8109,72"
INS-00760,LOAN-0074,CUST-0074,13,05-04-2023,"300,36",Paid,09-04-2023,"7809,36"
INS-00761,LOAN-0074,CUST-0074,14,05-05-2023,"300,36",Paid,07-05-2023,7509
INS-00762,LOAN-0074,CUST-0074,15,05-06-2023,"300,36",Late,11-06-2023,"7208,64"
INS-00763,LOAN-0074,CUST-0074,16,05-07-2023,"300,36",Late,11-07-2023,"6908,28"
INS-00764,LOAN-0074,CUST-0074,17,05-08-2023,"300,36",Paid,08-08-2023,"6607,92"
INS-00765,LOAN-0074,CUST-0074,18,05-09-2023,"300,36",Paid,05-09-2023,"6307,56"
INS-00766,LOAN-0074,CUST-0074,19,05-10-2023,"300,36",Paid,09-10-2023,"6007,2"
INS-00767,LOAN-0074,CUST-0074,20,05-11-2023,"300,36",Paid,05-11-2023,"5706,84"
INS-00768,LOAN-0074,CUST-0074,21,05-12-2023,"300,36",Paid,09-12-2023,"5406,48"
INS-00769,LOAN-0074,CUST-0074,22,05-01-2024,"300,36",Paid,09-01-2024,"5106,12"
INS-00770,LOAN-0074,CUST-0074,23,05-02-2024,"300,36",Paid,09-02-2024,"4805,76"
INS-00771,LOAN-0074,CUST-0074,24,05-03-2024,"300,36",Paid,05-03-2024,"4505,4"
INS-00772,LOAN-0074,CUST-0074,25,05-04-2024,"300,36",Paid,08-04-2024,"4205,04"
INS-00773,LOAN-0074,CUST-0074,26,05-05-2024,"300,36",Paid,06-05-2024,"3904,68"
INS-00774,LOAN-0074,CUST-0074,27,05-06-2024,"300,36",Paid,07-06-2024,"3604,32"
INS-00775,LOAN-0074,CUST-0074,28,05-07-2024,"300,36",Late,18-07-2024,"3303,96"
INS-00776,LOAN-0074,CUST-0074,29,05-08-2024,"300,36",Paid,07-08-2024,"3003,6"
INS-00777,LOAN-0074,CUST-0074,30,05-09-2024,"300,36",Paid,09-09-2024,"2703,24"
INS-00778,LOAN-0074,CUST-0074,31,05-10-2024,"300,36",Paid,09-10-2024,"2402,88"
INS-00779,LOAN-0074,CUST-0074,32,05-11-2024,"300,36",Paid,07-11-2024,"2102,52"
INS-00780,LOAN-0074,CUST-0074,33,05-12-2024,"300,36",Paid,07-12-2024,"1802,16"
INS-00781,LOAN-0074,CUST-0074,34,05-01-2025,"300,36",Paid,08-01-2025,"1501,8"
INS-00782,LOAN-0074,CUST-0074,35,05-02-2025,"300,36",Paid,09-02-2025,"1201,44"
INS-00783,LOAN-0074,CUST-0074,36,05-03-2025,"300,36",Paid,09-03-2025,"901,08"
INS-00784,LOAN-0074,CUST-0074,37,05-04-2025,"300,36",Late,10-04-2025,"600,72"
INS-00785,LOAN-0074,CUST-0074,38,05-05-2025,"300,36",Paid,08-05-2025,"300,36"
INS-00786,LOAN-0074,CUST-0074,39,05-06-2025,"300,36",Late,24-06-2025,0
INS-00787,LOAN-0078,CUST-0078,1,03-03-2022,"5465,69",Paid,07-03-2022,"207696,22"
INS-00788,LOAN-0078,CUST-0078,2,03-04-2022,"5465,69",Paid,06-04-2022,"202230,53"
INS-00789,LOAN-0078,CUST-0078,3,03-05-2022,"5465,69",Paid,05-05-2022,"196764,84"
INS-00790,LOAN-0078,CUST-0078,4,03-06-2022,"5465,69",Late,08-06-2022,"191299,15"
INS-00791,LOAN-0078,CUST-0078,5,03-07-2022,"5465,69",Paid,07-07-2022,"185833,46"
INS-00792,LOAN-0078,CUST-0078,6,03-08-2022,"5465,69",Paid,03-08-2022,"180367,77"
INS-00793,LOAN-0078,CUST-0078,7,03-09-2022,"5465,69",Late,15-09-2022,"174902,08"
INS-00794,LOAN-0078,CUST-0078,8,03-10-2022,"5465,69",Paid,04-10-2022,"169436,39"
INS-00795,LOAN-0078,CUST-0078,9,03-11-2022,"5465,69",Paid,07-11-2022,"163970,7"
INS-00796,LOAN-0078,CUST-0078,10,03-12-2022,"5465,69",Paid,07-12-2022,"158505,01"
INS-00797,LOAN-0078,CUST-0078,11,03-01-2023,"5465,69",Late,09-01-2023,"153039,32"
INS-00798,LOAN-0078,CUST-0078,12,03-02-2023,"5465,69",Paid,06-02-2023,"147573,63"
INS-00799,LOAN-0078,CUST-0078,13,03-03-2023,"5465,69",Paid,06-03-2023,"142107,94"
INS-00800,LOAN-0078,CUST-0078,14,03-04-2023,"5465,69",Paid,04-04-2023,"136642,25"
INS-00801,LOAN-0078,CUST-0078,15,03-05-2023,"5465,69",Paid,03-05-2023,"131176,56"
INS-00802,LOAN-0078,CUST-0078,16,03-06-2023,"5465,69",Paid,05-06-2023,"125710,87"
INS-00803,LOAN-0078,CUST-0078,17,03-07-2023,"5465,69",Paid,04-07-2023,"120245,18"
INS-00804,LOAN-0078,CUST-0078,18,03-08-2023,"5465,69",Paid,04-08-2023,"114779,49"
INS-00805,LOAN-0078,CUST-0078,19,03-09-2023,"5465,69",Paid,06-09-2023,"109313,8"
INS-00806,LOAN-0078,CUST-0078,20,03-10-2023,"5465,69",Paid,03-10-2023,"103848,11"
INS-00807,LOAN-0078,CUST-0078,21,03-11-2023,"5465,69",Paid,04-11-2023,"98382,42"
INS-00808,LOAN-0078,CUST-0078,22,03-12-2023,"5465,69",Paid,04-12-2023,"92916,73"
INS-00809,LOAN-0078,CUST-0078,23,03-01-2024,"5465,69",Paid,03-01-2024,"87451,04"
INS-00810,LOAN-0078,CUST-0078,24,03-02-2024,"5465,69",Late,11-02-2024,"81985,35"
INS-00811,LOAN-0078,CUST-0078,25,03-03-2024,"5465,69",Paid,04-03-2024,"76519,66"
INS-00812,LOAN-0078,CUST-0078,26,03-04-2024,"5465,69",Paid,05-04-2024,"71053,97"
INS-00813,LOAN-0078,CUST-0078,27,03-05-2024,"5465,69",Late,10-05-2024,"65588,28"
INS-00814,LOAN-0078,CUST-0078,28,03-06-2024,"5465,69",Late,10-06-2024,"60122,59"
INS-00815,LOAN-0078,CUST-0078,29,03-07-2024,"5465,69",Late,20-07-2024,"54656,9"
INS-00816,LOAN-0078,CUST-0078,30,03-08-2024,"5465,69",Paid,05-08-2024,"49191,21"
INS-00817,LOAN-0078,CUST-0078,31,03-09-2024,"5465,69",Paid,07-09-2024,"43725,52"
INS-00818,LOAN-0078,CUST-0078,32,03-10-2024,"5465,69",Paid,06-10-2024,"38259,83"
INS-00819,LOAN-0078,CUST-0078,33,03-11-2024,"5465,69",Late,16-11-2024,"32794,14"
INS-00820,LOAN-0078,CUST-0078,34,03-12-2024,"5465,69",Paid,06-12-2024,"27328,45"
INS-00821,LOAN-0078,CUST-0078,35,03-01-2025,"5465,69",Paid,07-01-2025,"21862,76"
INS-00822,LOAN-0078,CUST-0078,36,03-02-2025,"5465,69",Paid,03-02-2025,"16397,07"
INS-00823,LOAN-0078,CUST-0078,37,03-03-2025,"5465,69",Paid,06-03-2025,"10931,38"
INS-00824,LOAN-0078,CUST-0078,38,03-04-2025,"5465,69",Late,20-04-2025,"5465,69"
INS-00825,LOAN-0078,CUST-0078,39,03-05-2025,"5465,69",Paid,03-05-2025,0
INS-00826,LOAN-0086,CUST-0086,1,02-01-2023,"2742,74",Paid,04-01-2023,"131651,52"
INS-00827,LOAN-0086,CUST-0086,2,02-02-2023,"2742,74",Paid,04-02-2023,"128908,78"
INS-00828,LOAN-0086,CUST-0086,3,02-03-2023,"2742,74",Paid,02-03-2023,"126166,04"
INS-00829,LOAN-0086,CUST-0086,4,02-04-2023,"2742,74",Paid,02-04-2023,"123423,3"
INS-00830,LOAN-0086,CUST-0086,5,02-05-2023,"2742,74",Paid,04-05-2023,"120680,56"
INS-00831,LOAN-0086,CUST-0086,6,02-06-2023,"2742,74",Paid,04-06-2023,"117937,82"
INS-00832,LOAN-0086,CUST-0086,7,02-07-2023,"2742,74",Paid,02-07-2023,"115195,08"
INS-00833,LOAN-0086,CUST-0086,8,02-08-2023,"2742,74",Paid,06-08-2023,"112452,34"
INS-00834,LOAN-0086,CUST-0086,9,02-09-2023,"2742,74",Paid,04-09-2023,"109709,6"
INS-00835,LOAN-0086,CUST-0086,10,02-10-2023,"2742,74",Paid,02-10-2023,"106966,86"
INS-00836,LOAN-0086,CUST-0086,11,02-11-2023,"2742,74",Late,09-11-2023,"104224,12"
INS-00837,LOAN-0086,CUST-0086,12,02-12-2023,"2742,74",Paid,03-12-2023,"101481,38"
INS-00838,LOAN-0086,CUST-0086,13,02-01-2024,"2742,74",Paid,03-01-2024,"98738,64"
INS-00839,LOAN-0086,CUST-0086,14,02-02-2024,"2742,74",Paid,02-02-2024,"95995,9"
INS-00840,LOAN-0086,CUST-0086,15,02-03-2024,"2742,74",Paid,02-03-2024,"93253,16"
INS-00841,LOAN-0086,CUST-0086,16,02-04-2024,"2742,74",Late,13-04-2024,"90510,42"
INS-00842,LOAN-0086,CUST-0086,17,02-05-2024,"2742,74",Paid,02-05-2024,"87767,68"
INS-00843,LOAN-0086,CUST-0086,18,02-06-2024,"2742,74",Paid,04-06-2024,"85024,94"
INS-00844,LOAN-0086,CUST-0086,19,02-07-2024,"2742,74",Paid,05-07-2024,"82282,2"
INS-00845,LOAN-0086,CUST-0086,20,02-08-2024,"2742,74",Paid,02-08-2024,"79539,46"
INS-00846,LOAN-0086,CUST-0086,21,02-09-2024,"2742,74",Paid,06-09-2024,"76796,72"
INS-00847,LOAN-0086,CUST-0086,22,02-10-2024,"2742,74",Paid,04-10-2024,"74053,98"
INS-00848,LOAN-0086,CUST-0086,23,02-11-2024,"2742,74",Late,21-11-2024,"71311,24"
INS-00849,LOAN-0086,CUST-0086,24,02-12-2024,"2742,74",Paid,05-12-2024,"68568,5"
INS-00850,LOAN-0086,CUST-0086,25,02-01-2025,"2742,74",Late,16-01-2025,"65825,76"
INS-00851,LOAN-0086,CUST-0086,26,02-02-2025,"2742,74",Paid,02-02-2025,"63083,02"
INS-00852,LOAN-0086,CUST-0086,27,02-03-2025,"2742,74",Paid,03-03-2025,"60340,28"
INS-00853,LOAN-0086,CUST-0086,28,02-04-2025,"2742,74",Paid,06-04-2025,"57597,54"
INS-00854,LOAN-0086,CUST-0086,29,02-05-2025,"2742,74",Late,09-05-2025,"54854,8"
INS-00855,LOAN-0086,CUST-0086,30,02-06-2025,"2742,74",Paid,04-06-2025,"52112,06"
INS-00856,LOAN-0086,CUST-0086,31,02-07-2025,"2742,74",Late,14-07-2025,"49369,32"
INS-00857,LOAN-0086,CUST-0086,32,02-08-2025,"2742,74",Late,09-08-2025,"46626,58"
INS-00858,LOAN-0086,CUST-0086,33,02-09-2025,"2742,74",Paid,03-09-2025,"43883,84"
INS-00859,LOAN-0086,CUST-0086,34,02-10-2025,"2742,74",Paid,05-10-2025,"41141,1"
INS-00860,LOAN-0086,CUST-0086,35,02-11-2025,"2742,74",Paid,03-11-2025,"38398,36"
INS-00861,LOAN-0086,CUST-0086,36,02-12-2025,"2742,74",Paid,06-12-2025,"35655,62"
INS-00862,LOAN-0086,CUST-0086,37,02-01-2026,"2742,74",Paid,05-01-2026,"32912,88"
INS-00863,LOAN-0086,CUST-0086,38,02-02-2026,"2742,74",Paid,06-02-2026,"30170,14"
INS-00864,LOAN-0086,CUST-0086,39,02-03-2026,"2742,74",Paid,02-03-2026,"27427,4"
INS-00865,LOAN-0086,CUST-0086,40,02-04-2026,"2742,74",Paid,02-04-2026,"24684,66"
INS-00866,LOAN-0086,CUST-0086,41,02-05-2026,"2742,74",Paid,03-05-2026,"21941,92"
INS-00867,LOAN-0086,CUST-0086,42,02-06-2026,"2742,74",Late,15-06-2026,"19199,18"
INS-00868,LOAN-0086,CUST-0086,43,02-07-2026,"2742,74",Paid,05-07-2026,"16456,44"
INS-00869,LOAN-0086,CUST-0086,44,02-08-2026,"2742,74",Unpaid,,"13713,7"
INS-00870,LOAN-0086,CUST-0086,45,02-09-2026,"2742,74",Unpaid,,"10970,96"
INS-00871,LOAN-0086,CUST-0086,46,02-10-2026,"2742,74",Unpaid,,"8228,22"
INS-00872,LOAN-0086,CUST-0086,47,02-11-2026,"2742,74",Unpaid,,"5485,48"
INS-00873,LOAN-0086,CUST-0086,48,02-12-2026,"2742,74",Unpaid,,"2742,74"
INS-00874,LOAN-0086,CUST-0086,49,02-01-2027,"2742,74",Unpaid,,0
INS-00875,LOAN-0087,CUST-0087,1,20-06-2022,"249,96",Paid,22-06-2022,"11748,12"
INS-00876,LOAN-0087,CUST-0087,2,20-07-2022,"249,96",Paid,21-07-2022,"11498,16"
INS-00877,LOAN-0087,CUST-0087,3,20-08-2022,"249,96",Paid,24-08-2022,"11248,2"
INS-00878,LOAN-0087,CUST-0087,4,20-09-2022,"249,96",Paid,22-09-2022,"10998,24"
INS-00879,LOAN-0087,CUST-0087,5,20-10-2022,"249,96",Late,27-10-2022,"10748,28"
INS-00880,LOAN-0087,CUST-0087,6,20-11-2022,"249,96",Paid,20-11-2022,"10498,32"
INS-00881,LOAN-0087,CUST-0087,7,20-12-2022,"249,96",Paid,21-12-2022,"10248,36"
INS-00882,LOAN-0087,CUST-0087,8,20-01-2023,"249,96",Paid,22-01-2023,"9998,4"
INS-00883,LOAN-0087,CUST-0087,9,20-02-2023,"249,96",Paid,24-02-2023,"9748,44"
INS-00884,LOAN-0087,CUST-0087,10,20-03-2023,"249,96",Late,31-03-2023,"9498,48"
INS-00885,LOAN-0087,CUST-0087,11,20-04-2023,"249,96",Late,06-05-2023,"9248,52"
INS-00886,LOAN-0087,CUST-0087,12,20-05-2023,"249,96",Paid,20-05-2023,"8998,56"
INS-00887,LOAN-0087,CUST-0087,13,20-06-2023,"249,96",Late,06-07-2023,"8748,6"
INS-00888,LOAN-0087,CUST-0087,14,20-07-2023,"249,96",Paid,24-07-2023,"8498,64"
INS-00889,LOAN-0087,CUST-0087,15,20-08-2023,"249,96",Paid,20-08-2023,"8248,68"
INS-00890,LOAN-0087,CUST-0087,16,20-09-2023,"249,96",Paid,24-09-2023,"7998,72"
INS-00891,LOAN-0087,CUST-0087,17,20-10-2023,"249,96",Paid,20-10-2023,"7748,76"
INS-00892,LOAN-0087,CUST-0087,18,20-11-2023,"249,96",Paid,24-11-2023,"7498,8"
INS-00893,LOAN-0087,CUST-0087,19,20-12-2023,"249,96",Paid,22-12-2023,"7248,84"
INS-00894,LOAN-0087,CUST-0087,20,20-01-2024,"249,96",Late,04-02-2024,"6998,88"
INS-00895,LOAN-0087,CUST-0087,21,20-02-2024,"249,96",Paid,20-02-2024,"6748,92"
INS-00896,LOAN-0087,CUST-0087,22,20-03-2024,"249,96",Paid,24-03-2024,"6498,96"
INS-00897,LOAN-0087,CUST-0087,23,20-04-2024,"249,96",Late,27-04-2024,6249
INS-00898,LOAN-0087,CUST-0087,24,20-05-2024,"249,96",Paid,24-05-2024,"5999,04"
INS-00899,LOAN-0087,CUST-0087,25,20-06-2024,"249,96",Paid,20-06-2024,"5749,08"
INS-00900,LOAN-0087,CUST-0087,26,20-07-2024,"249,96",Paid,24-07-2024,"5499,12"
INS-00901,LOAN-0087,CUST-0087,27,20-08-2024,"249,96",Paid,20-08-2024,"5249,16"
INS-00902,LOAN-0087,CUST-0087,28,20-09-2024,"249,96",Paid,23-09-2024,"4999,2"
INS-00903,LOAN-0087,CUST-0087,29,20-10-2024,"249,96",Paid,24-10-2024,"4749,24"
INS-00904,LOAN-0087,CUST-0087,30,20-11-2024,"249,96",Paid,22-11-2024,"4499,28"
INS-00905,LOAN-0087,CUST-0087,31,20-12-2024,"249,96",Paid,21-12-2024,"4249,32"
INS-00906,LOAN-0087,CUST-0087,32,20-01-2025,"249,96",Paid,24-01-2025,"3999,36"
INS-00907,LOAN-0087,CUST-0087,33,20-02-2025,"249,96",Late,10-03-2025,"3749,4"
INS-00908,LOAN-0087,CUST-0087,34,20-03-2025,"249,96",Paid,24-03-2025,"3499,44"
INS-00909,LOAN-0087,CUST-0087,35,20-04-2025,"249,96",Paid,20-04-2025,"3249,48"
INS-00910,LOAN-0087,CUST-0087,36,20-05-2025,"249,96",Paid,23-05-2025,"2999,52"
INS-00911,LOAN-0087,CUST-0087,37,20-06-2025,"249,96",Paid,21-06-2025,"2749,56"
INS-00912,LOAN-0087,CUST-0087,38,20-07-2025,"249,96",Paid,21-07-2025,"2499,6"
INS-00913,LOAN-0087,CUST-0087,39,20-08-2025,"249,96",Paid,20-08-2025,"2249,64"
INS-00914,LOAN-0087,CUST-0087,40,20-09-2025,"249,96",Paid,21-09-2025,"1999,68"
INS-00915,LOAN-0087,CUST-0087,41,20-10-2025,"249,96",Late,27-10-2025,"1749,72"
INS-00916,LOAN-0087,CUST-0087,42,20-11-2025,"249,96",Paid,24-11-2025,"1499,76"
INS-00917,LOAN-0087,CUST-0087,43,20-12-2025,"249,96",Paid,23-12-2025,"1249,8"
INS-00918,LOAN-0087,CUST-0087,44,20-01-2026,"249,96",Paid,24-01-2026,"999,84"
INS-00919,LOAN-0087,CUST-0087,45,20-02-2026,"249,96",Paid,23-02-2026,"749,88"
INS-00920,LOAN-0087,CUST-0087,46,20-03-2026,"249,96",Paid,23-03-2026,"499,92"
INS-00921,LOAN-0087,CUST-0087,47,20-04-2026,"249,96",Paid,20-04-2026,"249,96"
INS-00922,LOAN-0087,CUST-0087,48,20-05-2026,"249,96",Late,05-06-2026,0
INS-00923,LOAN-0088,CUST-0088,1,25-02-2022,"1851,92",Paid,27-02-2022,"51853,76"
INS-00924,LOAN-0088,CUST-0088,2,25-03-2022,"1851,92",Paid,27-03-2022,"50001,84"
INS-00925,LOAN-0088,CUST-0088,3,25-04-2022,"1851,92",Paid,28-04-2022,"48149,92"
INS-00926,LOAN-0088,CUST-0088,4,25-05-2022,"1851,92",Late,04-06-2022,46298
INS-00927,LOAN-0088,CUST-0088,5,25-06-2022,"1851,92",Paid,26-06-2022,"44446,08"
INS-00928,LOAN-0088,CUST-0088,6,25-07-2022,"1851,92",Late,10-08-2022,"42594,16"
INS-00929,LOAN-0088,CUST-0088,7,25-08-2022,"1851,92",Paid,26-08-2022,"40742,24"
INS-00930,LOAN-0088,CUST-0088,8,25-09-2022,"1851,92",Paid,29-09-2022,"38890,32"
INS-00931,LOAN-0088,CUST-0088,9,25-10-2022,"1851,92",Paid,25-10-2022,"37038,4"
INS-00932,LOAN-0088,CUST-0088,10,25-11-2022,"1851,92",Paid,27-11-2022,"35186,48"
INS-00933,LOAN-0088,CUST-0088,11,25-12-2022,"1851,92",Paid,25-12-2022,"33334,56"
INS-00934,LOAN-0088,CUST-0088,12,25-01-2023,"1851,92",Paid,29-01-2023,"31482,64"
INS-00935,LOAN-0088,CUST-0088,13,25-02-2023,"1851,92",Paid,26-02-2023,"29630,72"
INS-00936,LOAN-0088,CUST-0088,14,25-03-2023,"1851,92",Paid,28-03-2023,"27778,8"
INS-00937,LOAN-0088,CUST-0088,15,25-04-2023,"1851,92",Late,30-04-2023,"25926,88"
INS-00938,LOAN-0088,CUST-0088,16,25-05-2023,"1851,92",Paid,27-05-2023,"24074,96"
INS-00939,LOAN-0088,CUST-0088,17,25-06-2023,"1851,92",Paid,27-06-2023,"22223,04"
INS-00940,LOAN-0088,CUST-0088,18,25-07-2023,"1851,92",Paid,28-07-2023,"20371,12"
INS-00941,LOAN-0088,CUST-0088,19,25-08-2023,"1851,92",Late,02-09-2023,"18519,2"
INS-00942,LOAN-0088,CUST-0088,20,25-09-2023,"1851,92",Paid,28-09-2023,"16667,28"
INS-00943,LOAN-0088,CUST-0088,21,25-10-2023,"1851,92",Paid,27-10-2023,"14815,36"
INS-00944,LOAN-0088,CUST-0088,22,25-11-2023,"1851,92",Paid,27-11-2023,"12963,44"
INS-00945,LOAN-0088,CUST-0088,23,25-12-2023,"1851,92",Paid,25-12-2023,"11111,52"
INS-00946,LOAN-0088,CUST-0088,24,25-01-2024,"1851,92",Paid,28-01-2024,"9259,6"
INS-00947,LOAN-0088,CUST-0088,25,25-02-2024,"1851,92",Paid,25-02-2024,"7407,68"
INS-00948,LOAN-0088,CUST-0088,26,25-03-2024,"1851,92",Late,01-04-2024,"5555,76"
INS-00949,LOAN-0088,CUST-0088,27,25-04-2024,"1851,92",Paid,28-04-2024,"3703,84"
INS-00950,LOAN-0088,CUST-0088,28,25-05-2024,"1851,92",Paid,29-05-2024,"1851,92"
INS-00951,LOAN-0088,CUST-0088,29,25-06-2024,"1851,92",Paid,29-06-2024,0
INS-00952,LOAN-0091,CUST-0091,1,23-10-2022,"18523,12",Paid,23-10-2022,"55569,36"
INS-00953,LOAN-0091,CUST-0091,2,23-11-2022,"18523,12",Paid,26-11-2022,"37046,24"
INS-00954,LOAN-0091,CUST-0091,3,23-12-2022,"18523,12",Paid,23-12-2022,"18523,12"
INS-00955,LOAN-0091,CUST-0091,4,23-01-2023,"18523,12",Paid,25-01-2023,0
INS-00956,LOAN-0096,CUST-0096,1,04-09-2022,"4004,39",Paid,07-09-2022,"108118,53"
INS-00957,LOAN-0096,CUST-0096,2,04-10-2022,"4004,39",Paid,08-10-2022,"104114,14"
INS-00958,LOAN-0096,CUST-0096,3,04-11-2022,"4004,39",Paid,08-11-2022,"100109,75"
INS-00959,LOAN-0096,CUST-0096,4,04-12-2022,"4004,39",Paid,07-12-2022,"96105,36"
INS-00960,LOAN-0096,CUST-0096,5,04-01-2023,"4004,39",Paid,05-01-2023,"92100,97"
INS-00961,LOAN-0096,CUST-0096,6,04-02-2023,"4004,39",Paid,05-02-2023,"88096,58"
INS-00962,LOAN-0096,CUST-0096,7,04-03-2023,"4004,39",Late,23-03-2023,"84092,19"
INS-00963,LOAN-0096,CUST-0096,8,04-04-2023,"4004,39",Paid,04-04-2023,"80087,8"
INS-00964,LOAN-0096,CUST-0096,9,04-05-2023,"4004,39",Late,11-05-2023,"76083,41"
INS-00965,LOAN-0096,CUST-0096,10,04-06-2023,"4004,39",Paid,05-06-2023,"72079,02"
INS-00966,LOAN-0096,CUST-0096,11,04-07-2023,"4004,39",Paid,07-07-2023,"68074,63"
INS-00967,LOAN-0096,CUST-0096,12,04-08-2023,"4004,39",Paid,06-08-2023,"64070,24"
INS-00968,LOAN-0096,CUST-0096,13,04-09-2023,"4004,39",Paid,07-09-2023,"60065,85"
INS-00969,LOAN-0096,CUST-0096,14,04-10-2023,"4004,39",Late,19-10-2023,"56061,46"
INS-00970,LOAN-0096,CUST-0096,15,04-11-2023,"4004,39",Paid,06-11-2023,"52057,07"
INS-00971,LOAN-0096,CUST-0096,16,04-12-2023,"4004,39",Late,23-12-2023,"48052,68"
INS-00972,LOAN-0096,CUST-0096,17,04-01-2024,"4004,39",Paid,08-01-2024,"44048,29"
INS-00973,LOAN-0096,CUST-0096,18,04-02-2024,"4004,39",Paid,04-02-2024,"40043,9"
INS-00974,LOAN-0096,CUST-0096,19,04-03-2024,"4004,39",Paid,05-03-2024,"36039,51"
INS-00975,LOAN-0096,CUST-0096,20,04-04-2024,"4004,39",Paid,05-04-2024,"32035,12"
INS-00976,LOAN-0096,CUST-0096,21,04-05-2024,"4004,39",Late,18-05-2024,"28030,73"
INS-00977,LOAN-0096,CUST-0096,22,04-06-2024,"4004,39",Paid,05-06-2024,"24026,34"
INS-00978,LOAN-0096,CUST-0096,23,04-07-2024,"4004,39",Paid,04-07-2024,"20021,95"
INS-00979,LOAN-0096,CUST-0096,24,04-08-2024,"4004,39",Paid,08-08-2024,"16017,56"
INS-00980,LOAN-0096,CUST-0096,25,04-09-2024,"4004,39",Paid,04-09-2024,"12013,17"
INS-00981,LOAN-0096,CUST-0096,26,04-10-2024,"4004,39",Late,18-10-2024,"8008,78"
INS-00982,LOAN-0096,CUST-0096,27,04-11-2024,"4004,39",Paid,08-11-2024,"4004,39"
INS-00983,LOAN-0096,CUST-0096,28,04-12-2024,"4004,39",Paid,07-12-2024,0
INS-00984,LOAN-0099,CUST-0099,1,17-04-2022,"1342,26",Paid,21-04-2022,"77851,08"
INS-00985,LOAN-0099,CUST-0099,2,17-05-2022,"1342,26",Late,25-05-2022,"76508,82"
INS-00986,LOAN-0099,CUST-0099,3,17-06-2022,"1342,26",Paid,18-06-2022,"75166,56"
INS-00987,LOAN-0099,CUST-0099,4,17-07-2022,"1342,26",Paid,21-07-2022,"73824,3"
INS-00988,LOAN-0099,CUST-0099,5,17-08-2022,"1342,26",Paid,17-08-2022,"72482,04"
INS-00989,LOAN-0099,CUST-0099,6,17-09-2022,"1342,26",Paid,18-09-2022,"71139,78"
INS-00990,LOAN-0099,CUST-0099,7,17-10-2022,"1342,26",Paid,19-10-2022,"69797,52"
INS-00991,LOAN-0099,CUST-0099,8,17-11-2022,"1342,26",Paid,17-11-2022,"68455,26"
INS-00992,LOAN-0099,CUST-0099,9,17-12-2022,"1342,26",Paid,19-12-2022,67113
INS-00993,LOAN-0099,CUST-0099,10,17-01-2023,"1342,26",Late,04-02-2023,"65770,74"
INS-00994,LOAN-0099,CUST-0099,11,17-02-2023,"1342,26",Paid,20-02-2023,"64428,48"
INS-00995,LOAN-0099,CUST-0099,12,17-03-2023,"1342,26",Paid,18-03-2023,"63086,22"
INS-00996,LOAN-0099,CUST-0099,13,17-04-2023,"1342,26",Paid,18-04-2023,"61743,96"
INS-00997,LOAN-0099,CUST-0099,14,17-05-2023,"1342,26",Late,02-06-2023,"60401,7"
INS-00998,LOAN-0099,CUST-0099,15,17-06-2023,"1342,26",Paid,20-06-2023,"59059,44"
INS-00999,LOAN-0099,CUST-0099,16,17-07-2023,"1342,26",Late,24-07-2023,"57717,18"
INS-01000,LOAN-0099,CUST-0099,17,17-08-2023,"1342,26",Paid,19-08-2023,"56374,92"
INS-01001,LOAN-0099,CUST-0099,18,17-09-2023,"1342,26",Late,04-10-2023,"55032,66"
INS-01002,LOAN-0099,CUST-0099,19,17-10-2023,"1342,26",Paid,18-10-2023,"53690,4"
INS-01003,LOAN-0099,CUST-0099,20,17-11-2023,"1342,26",Paid,19-11-2023,"52348,14"
INS-01004,LOAN-0099,CUST-0099,21,17-12-2023,"1342,26",Paid,20-12-2023,"51005,88"
INS-01005,LOAN-0099,CUST-0099,22,17-01-2024,"1342,26",Paid,21-01-2024,"49663,62"
INS-01006,LOAN-0099,CUST-0099,23,17-02-2024,"1342,26",Paid,21-02-2024,"48321,36"
INS-01007,LOAN-0099,CUST-0099,24,17-03-2024,"1342,26",Paid,21-03-2024,"46979,1"
INS-01008,LOAN-0099,CUST-0099,25,17-04-2024,"1342,26",Paid,19-04-2024,"45636,84"
INS-01009,LOAN-0099,CUST-0099,26,17-05-2024,"1342,26",Paid,17-05-2024,"44294,58"
INS-01010,LOAN-0099,CUST-0099,27,17-06-2024,"1342,26",Paid,19-06-2024,"42952,32"
INS-01011,LOAN-0099,CUST-0099,28,17-07-2024,"1342,26",Paid,21-07-2024,"41610,06"
INS-01012,LOAN-0099,CUST-0099,29,17-08-2024,"1342,26",Paid,19-08-2024,"40267,8"
INS-01013,LOAN-0099,CUST-0099,30,17-09-2024,"1342,26",Paid,18-09-2024,"38925,54"
INS-01014,LOAN-0099,CUST-0099,31,17-10-2024,"1342,26",Paid,21-10-2024,"37583,28"
INS-01015,LOAN-0099,CUST-0099,32,17-11-2024,"1342,26",Paid,21-11-2024,"36241,02"
INS-01016,LOAN-0099,CUST-0099,33,17-12-2024,"1342,26",Paid,18-12-2024,"34898,76"
INS-01017,LOAN-0099,CUST-0099,34,17-01-2025,"1342,26",Paid,19-01-2025,"33556,5"
INS-01018,LOAN-0099,CUST-0099,35,17-02-2025,"1342,26",Paid,21-02-2025,"32214,24"
INS-01019,LOAN-0099,CUST-0099,36,17-03-2025,"1342,26",Paid,17-03-2025,"30871,98"
INS-01020,LOAN-0099,CUST-0099,37,17-04-2025,"1342,26",Paid,19-04-2025,"29529,72"
INS-01021,LOAN-0099,CUST-0099,38,17-05-2025,"1342,26",Paid,17-05-2025,"28187,46"
INS-01022,LOAN-0099,CUST-0099,39,17-06-2025,"1342,26",Paid,20-06-2025,"26845,2"
INS-01023,LOAN-0099,CUST-0099,40,17-07-2025,"1342,26",Paid,18-07-2025,"25502,94"
INS-01024,LOAN-0099,CUST-0099,41,17-08-2025,"1342,26",Paid,18-08-2025,"24160,68"
INS-01025,LOAN-0099,CUST-0099,42,17-09-2025,"1342,26",Paid,21-09-2025,"22818,42"
INS-01026,LOAN-0099,CUST-0099,43,17-10-2025,"1342,26",Late,04-11-2025,"21476,16"
INS-01027,LOAN-0099,CUST-0099,44,17-11-2025,"1342,26",Paid,20-11-2025,"20133,9"
INS-01028,LOAN-0099,CUST-0099,45,17-12-2025,"1342,26",Paid,20-12-2025,"18791,64"
INS-01029,LOAN-0099,CUST-0099,46,17-01-2026,"1342,26",Paid,18-01-2026,"17449,38"
INS-01030,LOAN-0099,CUST-0099,47,17-02-2026,"1342,26",Paid,21-02-2026,"16107,12"
INS-01031,LOAN-0099,CUST-0099,48,17-03-2026,"1342,26",Paid,18-03-2026,"14764,86"
INS-01032,LOAN-0099,CUST-0099,49,17-04-2026,"1342,26",Paid,17-04-2026,"13422,6"
INS-01033,LOAN-0099,CUST-0099,50,17-05-2026,"1342,26",Paid,19-05-2026,"12080,34"
INS-01034,LOAN-0099,CUST-0099,51,17-06-2026,"1342,26",Paid,21-06-2026,"10738,08"
INS-01035,LOAN-0099,CUST-0099,52,17-07-2026,"1342,26",Paid,19-07-2026,"9395,82"
INS-01036,LOAN-0099,CUST-0099,53,17-08-2026,"1342,26",Unpaid,,"8053,56"
INS-01037,LOAN-0099,CUST-0099,54,17-09-2026,"1342,26",Unpaid,,"6711,3"
INS-01038,LOAN-0099,CUST-0099,55,17-10-2026,"1342,26",Unpaid,,"5369,04"
INS-01039,LOAN-0099,CUST-0099,56,17-11-2026,"1342,26",Unpaid,,"4026,78"
INS-01040,LOAN-0099,CUST-0099,57,17-12-2026,"1342,26",Unpaid,,"2684,52"
INS-01041,LOAN-0099,CUST-0099,58,17-01-2027,"1342,26",Unpaid,,"1342,26"
INS-01042,LOAN-0099,CUST-0099,59,17-02-2027,"1342,26",Unpaid,,0